Period Type,User,Status,Start Time,1,2,3,4,5,6,7,8,9,10,11,12,13,14,15,16,17,18,19,20,> Count,On Hours,User Hours,Active Hours
Month,Student,Active,03/01/24,5.7,4.95,4.17,4.55,2.98,2.48,2.35,2.28,1.1,0.85,0.97,1.25,0.7,0.47,0.47,0.43,0.1,0.5,2.08,0.0,0.0,60.5,234.72,38.38
Month,Student,Active,02/01/24,10.05,7.45,5.18,4.22,4.4,3.9,4.38,2.35,1.95,1.93,2.02,1.97,1.17,0.57,0.5,0.78,0.38,0.15,0.03,0.0,0.0,88.32,287.9,53.38
Month,Student,Active,01/01/24,1.9,2.63,4.05,0.88,1.25,0.92,0.92,0.77,0.82,1.68,0.65,0.73,0.45,0.65,0.33,0.35,0.38,0.53,0.2,0.0,0.0,55.38,132.75,20.1
Month,Student,Active,12/01/23,0.02,0.0,0.0,0.0,0.08,0.1,0.32,0.67,0.93,0.57,0.63,0.63,0.4,0.53,0.23,0.05,0.0,0.0,0.0,0.0,0.0,5.18,54.18,5.17
Month,Student,Active,11/01/23,8.67,14.07,9.25,6.77,3.92,5.93,3.9,2.43,2.35,2.2,2.2,1.67,2.47,1.7,1.38,2.13,1.02,0.53,0.25,0.0,0.0,81.93,423.3,72.83
Month,Student,Active,10/01/23,11.73,9.52,6.7,7.93,5.73,5.27,3.5,3.32,5.03,5.03,4.45,3.68,3.67,3.78,3.32,2.98,2.1,1.28,0.57,0.0,0.0,112.47,650.37,89.6
Month,Student,Active,09/01/23,8.7,4.35,4.35,5.2,4.7,3.12,3.85,3.45,2.13,2.03,1.45,2.08,1.88,2.0,2.18,1.43,1.55,0.9,0.13,0.0,0.0,95.18,381.73,55.5
Month,Student,Active,08/01/23,11.62,7.15,6.47,4.7,6.38,3.68,4.35,4.03,3.4,2.6,2.68,2.92,3.45,2.88,2.07,1.48,2.07,4.05,4.75,0.0,0.0,142.43,640.2,80.73
Month,Student,Active,07/01/23,2.28,3.95,2.47,2.22,1.3,2.98,1.03,0.83,0.52,0.83,0.55,1.0,0.75,0.57,1.55,0.93,1.83,0.87,0.05,0.0,0.0,78.27,199.37,26.52
Month,Student,Active,06/01/23,0.0,0.0,0.0,0.0,0.0,0.0,0.0,0.0,0.0,0.0,0.0,0.0,0.0,0.0,0.0,0.0,0.0,0.0,0.0,0.0,0.0,5.17,0.0,0.0
Month,Student,Active,05/01/23,10.53,8.72,4.95,2.58,2.02,2.58,2.48,1.87,1.58,1.85,1.88,1.43,1.27,1.7,1.53,1.92,2.2,1.08,1.57,1.55,0.0,93.02,393.32,55.3
Month,Student,Active,04/01/23,0.0,0.0,0.0,0.0,0.0,0.0,0.0,0.0,0.0,0.0,0.0,0.0,0.0,0.0,0.0,0.0,0.0,0.0,0.0,0.0,0.0,0.0,0.0,0.0
Month,Student,Active,03/01/23,2.77,3.35,1.98,2.57,1.78,2.2,1.62,0.98,1.25,1.33,1.38,1.38,2.48,2.93,3.82,2.78,1.98,2.63,2.88,5.88,0.0,67.57,552.08,48.0
Month,Student,Active,02/01/23,5.47,5.43,3.55,3.2,4.38,1.52,2.35,2.05,1.7,2.32,1.38,1.0,1.23,1.27,1.23,1.42,1.67,1.53,1.43,1.0,0.0,86.95,347.43,45.13
Month,Student,Active,01/01/23,1.38,0.67,0.48,2.02,0.38,0.32,0.42,0.4,0.5,0.58,0.35,0.42,0.17,0.23,0.53,0.28,0.13,0.27,0.17,0.03,0.0,21.08,70.22,9.73
Month,Student,Active,12/01/22,0.0,0.0,0.0,0.0,0.0,0.0,0.0,0.0,0.0,0.0,0.0,0.0,0.0,0.0,0.0,0.0,0.0,0.0,0.0,0.0,0.0,0.0,0.0,0.0
Month,Student,Active,11/01/22,3.82,2.27,1.0,1.07,0.87,1.97,0.52,0.3,0.28,0.25,0.2,0.55,0.5,0.93,1.17,1.47,2.35,2.65,5.97,2.63,0.0,32.8,365.83,30.75
Month,Student,Active,10/01/22,4.4,2.1,1.35,1.43,2.17,1.37,0.72,0.58,0.22,0.72,0.67,0.45,0.87,0.82,1.22,1.13,0.85,1.95,2.13,1.67,0.0,37.78,251.45,26.8
Month,Student,Active,09/01/22,0.0,0.0,0.0,0.0,0.0,0.0,0.0,0.0,0.0,0.0,0.0,0.0,0.0,0.0,0.0,0.0,0.0,0.0,0.0,0.0,0.0,1.32,0.0,0.0
Month,Student,All,03/01/24,7.13,5.33,3.88,4.42,2.2,2.08,2.77,2.53,1.3,1.33,0.83,1.4,0.67,0.6,0.8,0.7,0.27,0.4,2.33,0.0,0.0,60.5,257.58,40.98
Month,Student,All,02/01/24,6.75,10.87,4.68,5.47,4.45,4.13,4.25,2.72,1.67,2.17,1.57,2.18,1.93,1.05,0.57,0.83,1.08,0.45,0.2,0.0,0.0,88.32,335.02,57.02
Month,Student,All,01/01/24,4.25,2.57,3.85,1.07,1.13,1.12,0.52,0.6,1.1,1.78,0.82,0.37,0.38,0.53,0.33,0.35,0.5,0.85,0.57,0.0,0.0,55.38,144.72,22.68
Month,Student,All,12/01/23,0.0,0.02,0.0,0.0,0.0,0.02,0.07,0.08,0.48,0.7,0.8,0.43,0.87,0.4,0.73,0.43,0.13,0.0,0.0,0.0,0.0,5.18,63.68,5.17
Month,Student,All,11/01/23,8.38,13.8,8.45,7.33,3.05,5.78,3.45,2.72,3.2,2.05,2.27,1.73,2.03,2.48,1.22,1.92,1.67,1.63,0.8,0.0,0.0,81.93,464.58,73.97
Month,Student,All,10/01/23,8.45,11.3,8.7,8.38,4.78,4.75,4.15,2.85,3.47,5.07,5.48,3.95,3.8,3.68,3.9,3.4,3.68,2.4,0.9,0.0,0.0,112.47,721.32,93.1
Month,Student,All,09/01/23,18.27,3.85,3.7,3.82,4.88,4.62,3.3,3.33,2.35,2.18,2.12,2.18,1.37,2.08,2.05,2.0,2.28,1.17,0.85,0.0,0.0,95.18,432.33,66.4
Month,Student,All,08/01/23,19.07,7.0,6.88,6.52,6.48,4.22,5.02,3.87,3.12,2.28,2.8,2.67,3.7,3.07,2.32,1.75,2.23,3.47,6.45,0.0,0.0,142.43,693.93,92.9
Month,Student,All,07/01/23,7.7,4.43,2.5,1.97,1.22,3.0,0.8,1.1,0.55,0.58,1.12,0.57,0.93,0.57,1.37,0.77,1.57,2.03,0.28,0.02,0.0,78.27,222.07,33.07
Month,Student,All,06/01/23,0.0,0.0,0.0,0.0,0.0,0.0,0.0,0.0,0.0,0.0,0.0,0.0,0.0,0.0,0.0,0.0,0.0,0.0,0.0,0.0,0.0,5.17,0.0,0.0
Month,Student,All,05/01/23,11.15,9.2,6.07,3.02,1.8,2.17,2.57,2.28,1.18,2.0,2.23,1.32,1.1,1.42,1.5,1.48,2.38,1.75,1.52,3.15,0.0,93.02,433.27,59.28
Month,Student,All,04/01/23,0.0,0.0,0.0,0.0,0.0,0.0,0.0,0.0,0.0,0.0,0.0,0.0,0.0,0.0,0.0,0.0,0.0,0.0,0.0,0.0,0.0,0.0,0.0,0.0
Month,Student,All,03/01/23,2.4,3.65,1.47,3.08,1.35,3.02,1.65,1.07,1.12,1.4,1.42,1.07,1.87,2.58,3.2,2.48,2.18,2.93,3.93,7.68,0.0,67.57,590.28,49.55
Month,Student,All,02/01/23,5.13,5.57,4.7,2.93,4.6,1.42,2.5,1.8,2.2,2.45,1.58,0.95,1.1,1.05,0.98,1.53,1.25,1.92,1.92,1.65,0.0,86.95,372.07,47.23
Month,Student,All,01/01/23,1.48,0.37,0.22,1.7,0.52,1.08,0.5,0.35,0.6,0.65,0.43,0.53,0.17,0.1,0.48,0.42,0.15,0.13,0.35,0.08,0.0,21.08,78.87,10.32
Month,Student,All,12/01/22,0.0,0.0,0.0,0.0,0.0,0.0,0.0,0.0,0.0,0.0,0.0,0.0,0.0,0.0,0.0,0.0,0.0,0.0,0.0,0.0,0.0,0.0,0.0,0.0
Month,Student,All,11/01/22,3.7,2.0,1.32,0.97,0.98,2.0,0.45,0.18,0.25,0.17,0.32,0.42,0.4,0.9,0.82,0.95,1.62,2.18,6.83,4.83,0.0,32.8,387.98,31.28
Month,Student,All,10/01/22,4.2,2.98,1.65,1.38,1.68,1.7,0.9,0.63,0.27,0.52,0.38,0.5,0.73,0.95,1.22,0.9,1.05,2.22,2.25,2.7,0.0,37.78,278.4,28.82
Month,Student,All,09/01/22,0.0,0.0,0.0,0.0,0.0,0.0,0.0,0.0,0.0,0.0,0.0,0.0,0.0,0.0,0.0,0.0,0.0,0.0,0.0,0.0,0.0,1.32,0.0,0.0
Month,Teacher,Active,03/01/24,1.75,0.0,0.0,0.0,0.0,0.0,0.0,0.0,0.0,0.0,0.0,0.0,0.0,0.0,0.0,0.0,0.0,0.0,0.0,0.0,0.0,60.5,1.75,1.75
Month,Teacher,Active,02/01/24,32.58,0.0,0.0,0.0,0.0,0.0,0.0,0.0,0.0,0.0,0.0,0.0,0.0,0.0,0.0,0.0,0.0,0.0,0.0,0.0,0.0,88.32,32.58,32.58
Month,Teacher,Active,01/01/24,10.22,0.0,0.0,0.0,0.0,0.0,0.0,0.0,0.0,0.0,0.0,0.0,0.0,0.0,0.0,0.0,0.0,0.0,0.0,0.0,0.0,55.38,10.22,10.22
Month,Teacher,Active,12/01/23,0.0,0.0,0.0,0.0,0.0,0.0,0.0,0.0,0.0,0.0,0.0,0.0,0.0,0.0,0.0,0.0,0.0,0.0,0.0,0.0,0.0,5.18,0.0,0.0
Month,Teacher,Active,11/01/23,0.0,0.0,0.0,0.0,0.0,0.0,0.0,0.0,0.0,0.0,0.0,0.0,0.0,0.0,0.0,0.0,0.0,0.0,0.0,0.0,0.0,81.93,0.0,0.0
Month,Teacher,Active,10/01/23,0.87,0.0,0.0,0.0,0.0,0.0,0.0,0.0,0.0,0.0,0.0,0.0,0.0,0.0,0.0,0.0,0.0,0.0,0.0,0.0,0.0,112.47,0.87,0.87
Month,Teacher,Active,09/01/23,0.0,0.0,0.0,0.0,0.0,0.0,0.0,0.0,0.0,0.0,0.0,0.0,0.0,0.0,0.0,0.0,0.0,0.0,0.0,0.0,0.0,95.18,0.0,0.0
Month,Teacher,Active,08/01/23,2.17,0.0,0.0,0.0,0.0,0.0,0.0,0.0,0.0,0.0,0.0,0.0,0.0,0.0,0.0,0.0,0.0,0.0,0.0,0.0,0.0,142.43,2.17,2.17
Month,Teacher,Active,07/01/23,0.0,0.0,0.0,0.0,0.0,0.0,0.0,0.0,0.0,0.0,0.0,0.0,0.0,0.0,0.0,0.0,0.0,0.0,0.0,0.0,0.0,78.27,0.0,0.0
Month,Teacher,Active,06/01/23,0.0,0.0,0.0,0.0,0.0,0.0,0.0,0.0,0.0,0.0,0.0,0.0,0.0,0.0,0.0,0.0,0.0,0.0,0.0,0.0,0.0,5.17,0.0,0.0
Month,Teacher,Active,05/01/23,1.17,0.0,0.0,0.0,0.0,0.0,0.0,0.0,0.0,0.0,0.0,0.0,0.0,0.0,0.0,0.0,0.0,0.0,0.0,0.0,0.0,93.02,1.17,1.17
Month,Teacher,Active,04/01/23,0.0,0.0,0.0,0.0,0.0,0.0,0.0,0.0,0.0,0.0,0.0,0.0,0.0,0.0,0.0,0.0,0.0,0.0,0.0,0.0,0.0,0.0,0.0,0.0
Month,Teacher,Active,03/01/23,0.02,0.0,0.0,0.0,0.0,0.0,0.0,0.0,0.0,0.0,0.0,0.0,0.0,0.0,0.0,0.0,0.0,0.0,0.0,0.0,0.0,67.57,0.02,0.02
Month,Teacher,Active,02/01/23,0.67,0.0,0.0,0.0,0.0,0.0,0.0,0.0,0.0,0.0,0.0,0.0,0.0,0.0,0.0,0.0,0.0,0.0,0.0,0.0,0.0,86.95,0.67,0.67
Month,Teacher,Active,01/01/23,0.57,0.0,0.0,0.0,0.0,0.0,0.0,0.0,0.0,0.0,0.0,0.0,0.0,0.0,0.0,0.0,0.0,0.0,0.0,0.0,0.0,21.08,0.57,0.57
Month,Teacher,Active,12/01/22,0.0,0.0,0.0,0.0,0.0,0.0,0.0,0.0,0.0,0.0,0.0,0.0,0.0,0.0,0.0,0.0,0.0,0.0,0.0,0.0,0.0,0.0,0.0,0.0
Month,Teacher,Active,11/01/22,5.15,0.0,0.0,0.0,0.0,0.0,0.0,0.0,0.0,0.0,0.0,0.0,0.0,0.0,0.0,0.0,0.0,0.0,0.0,0.0,0.0,32.8,5.15,5.15
Month,Teacher,Active,10/01/22,0.03,0.0,0.0,0.0,0.0,0.0,0.0,0.0,0.0,0.0,0.0,0.0,0.0,0.0,0.0,0.0,0.0,0.0,0.0,0.0,0.0,37.78,0.03,0.03
Month,Teacher,Active,09/01/22,0.0,0.0,0.0,0.0,0.0,0.0,0.0,0.0,0.0,0.0,0.0,0.0,0.0,0.0,0.0,0.0,0.0,0.0,0.0,0.0,0.0,1.32,0.0,0.0
Month,Teacher,All,03/01/24,1.75,0.0,0.0,0.0,0.0,0.0,0.0,0.0,0.0,0.0,0.0,0.0,0.0,0.0,0.0,0.0,0.0,0.0,0.0,0.0,0.0,60.5,1.75,1.75
Month,Teacher,All,02/01/24,33.62,0.0,0.0,0.0,0.0,0.0,0.0,0.0,0.0,0.0,0.0,0.0,0.0,0.0,0.0,0.0,0.0,0.0,0.0,0.0,0.0,88.32,33.62,33.62
Month,Teacher,All,01/01/24,11.33,0.0,0.0,0.0,0.0,0.0,0.0,0.0,0.0,0.0,0.0,0.0,0.0,0.0,0.0,0.0,0.0,0.0,0.0,0.0,0.0,55.38,11.33,11.33
Month,Teacher,All,12/01/23,0.0,0.0,0.0,0.0,0.0,0.0,0.0,0.0,0.0,0.0,0.0,0.0,0.0,0.0,0.0,0.0,0.0,0.0,0.0,0.0,0.0,5.18,0.0,0.0
Month,Teacher,All,11/01/23,0.0,0.0,0.0,0.0,0.0,0.0,0.0,0.0,0.0,0.0,0.0,0.0,0.0,0.0,0.0,0.0,0.0,0.0,0.0,0.0,0.0,81.93,0.0,0.0
Month,Teacher,All,10/01/23,0.87,0.0,0.0,0.0,0.0,0.0,0.0,0.0,0.0,0.0,0.0,0.0,0.0,0.0,0.0,0.0,0.0,0.0,0.0,0.0,0.0,112.47,0.87,0.87
Month,Teacher,All,09/01/23,0.0,0.0,0.0,0.0,0.0,0.0,0.0,0.0,0.0,0.0,0.0,0.0,0.0,0.0,0.0,0.0,0.0,0.0,0.0,0.0,0.0,95.18,0.0,0.0
Month,Teacher,All,08/01/23,2.28,0.0,0.0,0.0,0.0,0.0,0.0,0.0,0.0,0.0,0.0,0.0,0.0,0.0,0.0,0.0,0.0,0.0,0.0,0.0,0.0,142.43,2.28,2.28
Month,Teacher,All,07/01/23,0.0,0.0,0.0,0.0,0.0,0.0,0.0,0.0,0.0,0.0,0.0,0.0,0.0,0.0,0.0,0.0,0.0,0.0,0.0,0.0,0.0,78.27,0.0,0.0
Month,Teacher,All,06/01/23,0.0,0.0,0.0,0.0,0.0,0.0,0.0,0.0,0.0,0.0,0.0,0.0,0.0,0.0,0.0,0.0,0.0,0.0,0.0,0.0,0.0,5.17,0.0,0.0
Month,Teacher,All,05/01/23,1.18,0.0,0.0,0.0,0.0,0.0,0.0,0.0,0.0,0.0,0.0,0.0,0.0,0.0,0.0,0.0,0.0,0.0,0.0,0.0,0.0,93.02,1.18,1.18
Month,Teacher,All,04/01/23,0.0,0.0,0.0,0.0,0.0,0.0,0.0,0.0,0.0,0.0,0.0,0.0,0.0,0.0,0.0,0.0,0.0,0.0,0.0,0.0,0.0,0.0,0.0,0.0
Month,Teacher,All,03/01/23,0.02,0.0,0.0,0.0,0.0,0.0,0.0,0.0,0.0,0.0,0.0,0.0,0.0,0.0,0.0,0.0,0.0,0.0,0.0,0.0,0.0,67.57,0.02,0.02
Month,Teacher,All,02/01/23,0.77,0.0,0.0,0.0,0.0,0.0,0.0,0.0,0.0,0.0,0.0,0.0,0.0,0.0,0.0,0.0,0.0,0.0,0.0,0.0,0.0,86.95,0.77,0.77
Month,Teacher,All,01/01/23,0.57,0.0,0.0,0.0,0.0,0.0,0.0,0.0,0.0,0.0,0.0,0.0,0.0,0.0,0.0,0.0,0.0,0.0,0.0,0.0,0.0,21.08,0.57,0.57
Month,Teacher,All,12/01/22,0.0,0.0,0.0,0.0,0.0,0.0,0.0,0.0,0.0,0.0,0.0,0.0,0.0,0.0,0.0,0.0,0.0,0.0,0.0,0.0,0.0,0.0,0.0,0.0
Month,Teacher,All,11/01/22,5.15,0.0,0.0,0.0,0.0,0.0,0.0,0.0,0.0,0.0,0.0,0.0,0.0,0.0,0.0,0.0,0.0,0.0,0.0,0.0,0.0,32.8,5.15,5.15
Month,Teacher,All,10/01/22,0.03,0.0,0.0,0.0,0.0,0.0,0.0,0.0,0.0,0.0,0.0,0.0,0.0,0.0,0.0,0.0,0.0,0.0,0.0,0.0,0.0,37.78,0.03,0.03
Month,Teacher,All,09/01/22,0.0,0.0,0.0,0.0,0.0,0.0,0.0,0.0,0.0,0.0,0.0,0.0,0.0,0.0,0.0,0.0,0.0,0.0,0.0,0.0,0.0,1.32,0.0,0.0
Week,Student,Active,03/25/24,0.62,0.0,0.02,0.0,0.22,0.13,0.02,0.0,0.0,0.0,0.0,0.0,0.0,0.0,0.0,0.0,0.0,0.0,0.0,0.0,0.0,3.87,2.67,1.0
Week,Student,Active,03/18/24,1.42,2.22,0.92,2.85,0.27,0.43,0.65,0.62,0.63,0.32,0.25,0.2,0.33,0.1,0.12,0.18,0.03,0.5,2.08,0.0,0.0,16.0,107.0,14.12
Week,Student,Active,03/11/24,1.17,1.17,2.83,1.22,1.33,1.45,1.03,0.68,0.33,0.05,0.32,0.32,0.13,0.13,0.0,0.0,0.0,0.0,0.0,0.0,0.0,16.38,59.32,12.17
Week,Student,Active,03/04/24,1.37,1.55,0.38,0.47,1.17,0.47,0.65,0.98,0.13,0.48,0.4,0.73,0.23,0.23,0.35,0.25,0.07,0.0,0.0,0.0,0.0,13.83,64.45,9.92
Week,Student,Active,02/26/24,5.13,1.23,0.48,1.37,1.2,0.88,2.62,0.45,0.07,0.1,0.17,0.2,0.0,0.0,0.0,0.0,0.0,0.0,0.0,0.0,0.0,25.58,53.57,13.9
Week,Student,Active,02/19/24,1.5,1.27,1.9,0.8,1.0,1.17,0.67,0.35,0.35,0.55,0.67,0.9,0.45,0.02,0.0,0.0,0.0,0.0,0.0,0.0,0.0,22.37,65.27,11.58
Week,Student,Active,02/12/24,1.35,2.93,1.23,0.38,0.5,0.52,0.12,0.22,0.3,0.3,0.43,0.35,0.25,0.2,0.2,0.32,0.03,0.0,0.0,0.0,0.0,15.2,49.95,9.63
Week,Student,Active,02/05/24,1.4,0.72,0.72,0.87,1.02,0.53,0.48,0.57,0.62,0.47,0.42,0.33,0.15,0.22,0.13,0.3,0.2,0.02,0.0,0.0,0.0,23.0,58.93,9.15
Week,Student,Active,01/29/24,2.03,1.6,1.17,1.3,1.25,1.08,1.38,1.47,1.37,1.87,0.58,0.82,0.6,0.57,0.28,0.2,0.15,0.13,0.03,0.0,0.0,29.67,124.05,17.88
Week,Student,Active,01/22/24,0.55,0.22,1.17,0.07,0.02,0.05,0.03,0.07,0.07,0.33,0.4,0.1,0.17,0.22,0.22,0.32,0.38,0.53,0.2,0.0,0.0,17.3,48.87,5.1
Week,Student,Active,01/15/24,0.8,1.05,1.63,0.33,0.25,0.58,0.0,0.0,0.0,0.0,0.0,0.0,0.0,0.0,0.0,0.0,0.0,0.0,0.0,0.0,0.0,11.6,13.88,4.65
Week,Student,Active,01/08/24,0.32,1.08,0.95,0.0,0.42,0.0,0.0,0.0,0.0,0.0,0.0,0.0,0.0,0.0,0.0,0.0,0.0,0.0,0.0,0.0,0.0,9.4,7.42,2.77
Week,Student,Active,01/01/24,0.0,0.0,0.0,0.0,0.0,0.0,0.0,0.0,0.0,0.0,0.0,0.0,0.0,0.0,0.0,0.0,0.0,0.0,0.0,0.0,0.0,0.0,0.0,0.0
Week,Student,Active,12/25/23,0.0,0.0,0.0,0.0,0.0,0.0,0.0,0.0,0.0,0.0,0.0,0.0,0.0,0.0,0.0,0.0,0.0,0.0,0.0,0.0,0.0,0.0,0.0,0.0
Week,Student,Active,12/18/23,0.0,0.0,0.0,0.0,0.0,0.0,0.0,0.0,0.0,0.0,0.0,0.0,0.0,0.0,0.0,0.0,0.0,0.0,0.0,0.0,0.0,0.0,0.0,0.0
Week,Student,Active,12/11/23,0.0,0.0,0.0,0.0,0.0,0.0,0.0,0.0,0.0,0.0,0.0,0.0,0.0,0.0,0.0,0.0,0.0,0.0,0.0,0.0,0.0,0.0,0.0,0.0
Week,Student,Active,12/04/23,0.02,0.0,0.0,0.0,0.08,0.1,0.32,0.67,0.93,0.57,0.63,0.63,0.4,0.53,0.23,0.05,0.0,0.0,0.0,0.0,0.0,5.18,54.18,5.17
Week,Student,Active,11/27/23,1.92,2.08,0.18,0.18,0.27,0.55,0.92,0.85,0.38,0.18,0.17,0.25,0.32,0.18,0.22,0.22,0.07,0.03,0.02,0.0,0.0,9.5,50.78,8.98
Week,Student,Active,11/20/23,0.9,2.0,3.53,2.42,0.7,1.33,1.03,0.62,0.55,0.8,0.47,0.53,1.27,0.47,0.57,0.62,0.2,0.08,0.0,0.0,0.0,18.57,119.58,18.08
Week,Student,Active,11/13/23,2.63,2.03,1.5,1.62,1.22,2.77,1.27,0.52,0.72,0.43,0.5,0.3,0.28,0.32,0.17,0.27,0.07,0.03,0.02,0.0,0.0,19.0,90.17,16.65
Week,Student,Active,11/06/23,0.83,3.93,1.23,1.3,1.42,1.15,0.53,0.28,0.5,0.62,0.8,0.4,0.43,0.48,0.15,0.42,0.02,0.0,0.0,0.0,0.0,17.7,83.45,14.5
Week,Student,Active,10/30/23,3.08,5.05,4.72,1.95,0.77,0.7,0.55,0.25,0.35,0.38,0.45,0.28,0.42,0.42,0.57,1.03,1.02,0.38,0.22,0.0,0.0,28.03,128.93,22.58
Week,Student,Active,10/23/23,3.28,2.43,1.28,3.48,1.25,0.75,0.5,0.62,1.05,0.57,0.33,0.27,0.15,0.18,0.2,0.45,0.18,0.05,0.0,0.0,0.0,18.17,85.83,17.03
Week,Student,Active,10/16/23,4.82,2.03,1.55,1.7,1.4,1.78,0.92,0.73,0.95,0.97,1.55,1.35,0.68,0.85,0.63,0.68,0.53,0.53,0.43,0.0,0.0,28.1,169.9,24.1
Week,Student,Active,10/09/23,0.73,0.87,0.97,0.95,1.03,0.83,0.47,0.93,1.27,1.57,0.8,0.97,1.6,1.62,1.68,1.18,0.93,0.68,0.13,0.0,0.0,23.48,195.85,19.22
Week,Student,Active,10/02/23,2.2,3.15,0.98,1.1,1.6,1.33,1.22,0.95,1.62,1.72,1.58,1.0,0.98,0.97,0.52,0.25,0.1,0.02,0.0,0.0,0.0,31.85,149.17,21.28
Week,Student,Active,09/25/23,0.28,0.2,1.18,0.58,0.62,0.25,0.47,0.38,0.13,0.37,0.28,0.7,0.65,0.55,0.52,0.62,0.72,0.43,0.1,0.0,0.0,20.95,89.52,9.03
Week,Student,Active,09/18/23,3.2,1.2,1.82,1.83,1.22,0.62,1.32,0.77,1.0,0.82,0.52,0.88,0.63,0.37,0.35,0.15,0.13,0.1,0.03,0.0,0.0,22.13,102.68,16.95
Week,Student,Active,09/11/23,1.47,1.07,0.62,1.32,1.58,1.23,0.93,1.62,0.72,0.47,0.38,0.35,0.45,0.43,0.87,0.55,0.42,0.37,0.0,0.0,0.0,18.78,112.43,14.83
Week,Student,Active,09/04/23,3.5,0.95,0.38,0.8,0.72,0.53,0.95,0.57,0.2,0.17,0.05,0.08,0.08,0.1,0.07,0.1,0.28,0.0,0.0,0.0,0.0,27.75,42.63,9.53
Week,Student,Active,08/28/23,1.38,1.17,0.9,0.77,0.73,0.57,0.23,0.17,0.27,0.4,0.3,0.22,0.25,0.87,0.53,0.15,0.0,0.0,0.0,0.0,0.0,19.83,57.6,8.9
Week,Student,Active,08/21/23,2.45,2.53,2.18,2.45,2.65,1.72,1.95,2.2,1.33,0.77,0.65,0.82,0.98,0.88,1.07,0.88,1.6,2.62,3.87,0.0,0.0,57.33,318.33,33.6
Week,Student,Active,08/14/23,2.43,3.15,2.08,1.53,2.15,1.15,0.78,0.3,0.3,0.53,0.42,0.58,0.85,0.67,0.17,0.03,0.0,0.0,0.0,0.0,0.0,31.62,89.68,17.13
Week,Student,Active,08/07/23,2.33,0.63,0.47,0.28,0.2,0.12,0.03,0.03,0.05,0.0,0.1,0.25,0.43,0.37,0.15,0.15,0.18,0.0,0.0,0.0,0.0,9.72,31.42,5.78
Week,Student,Active,07/31/23,3.5,0.65,1.25,0.65,1.37,0.98,1.68,2.07,1.68,1.15,1.48,1.18,1.05,0.83,1.32,0.28,0.28,1.43,0.88,0.0,0.0,38.02,206.37,23.73
Week,Student,Active,07/24/23,0.37,0.67,0.03,0.03,0.07,0.08,0.07,0.03,0.07,0.17,0.08,0.42,0.47,0.13,0.32,0.23,1.13,0.75,0.05,0.0,0.0,25.05,61.82,5.17
Week,Student,Active,07/17/23,1.07,0.83,0.38,0.03,0.05,0.0,0.23,0.02,0.05,0.15,0.25,0.02,0.02,0.02,0.02,0.2,0.35,0.07,0.0,0.0,0.0,9.93,21.98,3.75
Week,Student,Active,07/10/23,0.27,0.27,1.38,1.05,0.1,0.2,0.43,0.12,0.22,0.47,0.15,0.47,0.2,0.17,0.32,0.13,0.05,0.05,0.0,0.0,0.0,20.55,42.25,6.03
Week,Student,Active,07/03/23,0.35,2.13,0.6,0.78,0.93,2.33,0.15,0.05,0.03,0.02,0.02,0.03,0.02,0.07,0.12,0.37,0.3,0.0,0.0,0.0,0.0,14.22,44.58,8.3
Week,Student,Active,06/26/23,0.0,0.0,0.0,0.0,0.0,0.0,0.0,0.0,0.0,0.0,0.0,0.0,0.0,0.0,0.0,0.0,0.0,0.0,0.0,0.0,0.0,0.0,0.0,0.0
Week,Student,Active,06/19/23,0.0,0.0,0.0,0.0,0.0,0.0,0.0,0.0,0.0,0.0,0.0,0.0,0.0,0.0,0.0,0.0,0.0,0.0,0.0,0.0,0.0,5.17,0.0,0.0
Week,Student,Active,06/12/23,0.0,0.0,0.0,0.0,0.0,0.0,0.0,0.0,0.0,0.0,0.0,0.0,0.0,0.0,0.0,0.0,0.0,0.0,0.0,0.0,0.0,0.0,0.0,0.0
Week,Student,Active,06/05/23,0.0,0.0,0.0,0.0,0.0,0.0,0.0,0.0,0.0,0.0,0.0,0.0,0.0,0.0,0.0,0.0,0.0,0.0,0.0,0.0,0.0,0.0,0.0,0.0
Week,Student,Active,05/29/23,1.1,0.0,0.0,0.0,0.0,0.0,0.0,0.0,0.0,0.0,0.0,0.0,0.0,0.0,0.0,0.0,0.0,0.0,0.0,0.0,0.0,1.13,1.1,1.1
Week,Student,Active,05/22/23,3.57,1.7,1.13,0.18,0.2,0.87,1.07,0.37,0.55,0.7,0.4,0.32,0.18,0.62,0.67,1.02,1.35,0.58,1.03,0.43,0.0,21.1,146.88,16.93
Week,Student,Active,05/15/23,2.2,1.67,2.48,0.87,0.47,1.33,1.17,1.2,0.82,0.6,0.83,0.5,0.45,0.67,0.5,0.52,0.57,0.22,0.0,0.0,0.0,29.33,117.55,17.05
Week,Student,Active,05/08/23,3.58,5.0,1.27,1.42,1.35,0.38,0.25,0.3,0.22,0.55,0.65,0.62,0.63,0.42,0.37,0.38,0.28,0.28,0.53,1.12,0.0,36.68,126.33,19.6
Week,Student,Active,05/01/23,0.08,0.35,0.07,0.12,0.0,0.0,0.0,0.0,0.0,0.0,0.0,0.0,0.0,0.0,0.0,0.0,0.0,0.0,0.0,0.0,0.0,4.77,1.45,0.62
Week,Student,Active,04/24/23,0.0,0.0,0.0,0.0,0.0,0.0,0.0,0.0,0.0,0.0,0.0,0.0,0.0,0.0,0.0,0.0,0.0,0.0,0.0,0.0,0.0,0.0,0.0,0.0
Week,Student,Active,04/17/23,0.0,0.0,0.0,0.0,0.0,0.0,0.0,0.0,0.0,0.0,0.0,0.0,0.0,0.0,0.0,0.0,0.0,0.0,0.0,0.0,0.0,0.0,0.0,0.0
Week,Student,Active,04/10/23,0.0,0.0,0.0,0.0,0.0,0.0,0.0,0.0,0.0,0.0,0.0,0.0,0.0,0.0,0.0,0.0,0.0,0.0,0.0,0.0,0.0,0.0,0.0,0.0
Week,Student,Active,04/03/23,0.0,0.0,0.0,0.0,0.0,0.0,0.0,0.0,0.0,0.0,0.0,0.0,0.0,0.0,0.0,0.0,0.0,0.0,0.0,0.0,0.0,0.0,0.0,0.0
Week,Student,Active,03/27/23,0.0,0.0,0.0,0.0,0.0,0.0,0.0,0.0,0.0,0.0,0.0,0.0,0.0,0.0,0.0,0.0,0.0,0.0,0.0,0.0,0.0,0.0,0.0,0.0
Week,Student,Active,03/20/23,0.0,0.0,0.0,0.0,0.0,0.0,0.0,0.0,0.0,0.0,0.0,0.0,0.0,0.0,0.0,0.0,0.0,0.0,0.0,0.0,0.0,0.67,0.0,0.0
Week,Student,Active,03/13/23,1.25,1.65,0.33,0.88,0.68,0.98,0.58,0.58,0.62,0.62,0.77,0.48,1.08,1.5,1.92,1.33,0.78,1.28,0.9,3.4,0.0,25.45,259.78,21.63
Week,Student,Active,03/06/23,1.48,1.35,0.53,1.07,0.65,0.63,0.45,0.05,0.12,0.58,0.53,0.67,1.17,1.27,1.82,1.33,0.98,1.1,1.73,2.4,0.0,25.03,240.33,19.92
Week,Student,Active,02/27/23,0.68,0.45,1.7,0.75,0.87,0.62,0.6,0.38,0.52,0.15,0.1,0.25,0.25,0.17,0.1,0.38,0.28,0.25,0.25,0.08,0.0,20.33,64.18,8.83
Week,Student,Active,02/20/23,1.93,1.73,0.38,1.02,1.63,0.62,0.92,0.7,0.37,0.27,0.23,0.18,0.32,0.12,0.15,0.37,0.47,0.53,0.58,0.8,0.0,18.98,103.72,13.32
Week,Student,Active,02/13/23,1.88,2.1,1.05,1.28,1.87,0.82,1.37,1.03,0.8,1.1,0.38,0.53,0.37,0.63,0.92,0.7,1.03,0.83,0.85,0.2,0.0,33.58,166.55,19.75
Week,Student,Active,02/06/23,0.92,1.25,1.38,0.58,0.13,0.0,0.02,0.02,0.08,0.07,0.55,0.08,0.18,0.27,0.07,0.0,0.0,0.0,0.0,0.0,0.0,26.07,26.4,5.6
Week,Student,Active,01/30/23,0.13,0.53,0.28,1.8,0.5,0.23,0.33,0.52,0.68,1.28,0.27,0.18,0.35,0.25,0.08,0.08,0.1,0.17,0.0,0.0,0.0,9.62,59.07,7.78
Week,Student,Active,01/23/23,1.32,0.38,0.35,0.4,0.22,0.13,0.12,0.15,0.27,0.17,0.28,0.42,0.17,0.23,0.53,0.28,0.13,0.27,0.17,0.03,0.0,13.27,49.68,6.02
Week,Student,Active,01/16/23,0.02,0.0,0.0,0.0,0.0,0.0,0.0,0.0,0.0,0.0,0.0,0.0,0.0,0.0,0.0,0.0,0.0,0.0,0.0,0.0,0.0,2.6,0.02,0.02
Week,Student,Active,01/09/23,0.0,0.0,0.0,0.0,0.0,0.0,0.0,0.0,0.0,0.0,0.0,0.0,0.0,0.0,0.0,0.0,0.0,0.0,0.0,0.0,0.0,0.0,0.0,0.0
Week,Student,Active,01/02/23,0.0,0.0,0.0,0.0,0.0,0.0,0.0,0.0,0.0,0.0,0.0,0.0,0.0,0.0,0.0,0.0,0.0,0.0,0.0,0.0,0.0,0.0,0.0,0.0
Week,Student,Active,12/26/22,0.0,0.0,0.0,0.0,0.0,0.0,0.0,0.0,0.0,0.0,0.0,0.0,0.0,0.0,0.0,0.0,0.0,0.0,0.0,0.0,0.0,0.0,0.0,0.0
Week,Student,Active,12/19/22,0.0,0.0,0.0,0.0,0.0,0.0,0.0,0.0,0.0,0.0,0.0,0.0,0.0,0.0,0.0,0.0,0.0,0.0,0.0,0.0,0.0,0.0,0.0,0.0
Week,Student,Active,12/12/22,0.0,0.0,0.0,0.0,0.0,0.0,0.0,0.0,0.0,0.0,0.0,0.0,0.0,0.0,0.0,0.0,0.0,0.0,0.0,0.0,0.0,0.0,0.0,0.0
Week,Student,Active,12/05/22,0.0,0.0,0.0,0.0,0.0,0.0,0.0,0.0,0.0,0.0,0.0,0.0,0.0,0.0,0.0,0.0,0.0,0.0,0.0,0.0,0.0,0.0,0.0,0.0
Week,Student,Active,11/28/22,0.15,0.0,0.07,0.05,0.0,0.0,0.0,0.0,0.0,0.0,0.0,0.0,0.0,0.0,0.0,0.0,0.0,0.0,0.0,0.0,0.0,0.52,0.55,0.27
Week,Student,Active,11/21/22,0.1,0.08,0.02,0.1,0.4,0.2,0.28,0.15,0.18,0.08,0.07,0.22,0.15,0.15,0.05,0.15,0.18,0.2,1.17,0.28,0.0,4.43,54.67,4.22
Week,Student,Active,11/14/22,0.85,1.82,0.33,0.57,0.32,0.02,0.12,0.08,0.03,0.1,0.12,0.25,0.3,0.62,0.9,0.98,1.8,2.05,3.38,1.47,0.0,16.9,219.38,16.1
Week,Student,Active,11/07/22,0.58,0.32,0.43,0.23,0.1,0.47,0.12,0.07,0.07,0.07,0.02,0.08,0.05,0.17,0.22,0.33,0.37,0.4,1.42,0.88,0.0,7.15,80.13,6.38
Week,Student,Active,10/31/22,2.13,0.05,0.15,0.12,0.05,1.28,0.0,0.0,0.0,0.0,0.0,0.0,0.0,0.0,0.0,0.0,0.0,0.0,0.0,0.0,0.0,3.8,11.1,3.78
Week,Student,Active,10/24/22,0.15,0.93,0.67,0.67,0.12,0.42,0.2,0.07,0.03,0.22,0.03,0.03,0.12,0.15,0.35,0.43,0.17,0.6,1.0,0.4,0.0,7.0,71.37,6.75
Week,Student,Active,10/17/22,3.32,1.05,0.43,0.6,1.5,0.9,0.3,0.3,0.13,0.47,0.5,0.32,0.38,0.45,0.4,0.32,0.37,1.03,0.9,0.65,0.0,16.1,118.97,14.32
Week,Student,Active,10/10/22,0.92,0.12,0.25,0.17,0.55,0.05,0.22,0.22,0.05,0.03,0.13,0.1,0.37,0.22,0.47,0.38,0.32,0.32,0.23,0.62,0.0,14.3,61.1,5.72
Week,Student,Active,10/03/22,0.0,0.0,0.0,0.0,0.0,0.0,0.0,0.0,0.0,0.0,0.0,0.0,0.0,0.0,0.0,0.0,0.0,0.0,0.0,0.0,0.0,0.0,0.0,0.0
Week,Student,Active,09/26/22,0.02,0.0,0.0,0.0,0.0,0.0,0.0,0.0,0.0,0.0,0.0,0.0,0.0,0.0,0.0,0.0,0.0,0.0,0.0,0.0,0.0,1.68,0.02,0.02
Week,Student,Active,09/20/22,0.0,0.0,0.0,0.0,0.0,0.0,0.0,0.0,0.0,0.0,0.0,0.0,0.0,0.0,0.0,0.0,0.0,0.0,0.0,0.0,0.0,0.02,0.0,0.0
Week,Student,All,03/25/24,0.63,0.0,0.02,0.0,0.18,0.1,0.07,0.03,0.0,0.0,0.0,0.0,0.0,0.0,0.0,0.0,0.0,0.0,0.0,0.0,0.0,3.87,2.93,1.03
Week,Student,All,03/18/24,1.52,2.27,0.82,2.87,0.1,0.3,0.4,0.62,0.65,0.78,0.3,0.22,0.32,0.15,0.07,0.17,0.25,0.33,2.33,0.0,0.0,16.0,114.05,14.45
Week,Student,All,03/11/24,0.82,1.35,2.62,1.15,0.72,1.33,1.62,0.83,0.5,0.27,0.13,0.6,0.08,0.12,0.17,0.02,0.0,0.0,0.0,0.0,0.0,16.38,66.85,12.32
Week,Student,All,03/04/24,1.52,1.72,0.43,0.35,1.2,0.35,0.68,1.05,0.15,0.28,0.4,0.58,0.27,0.33,0.57,0.52,0.02,0.07,0.0,0.0,0.0,13.83,70.9,10.48
Week,Student,All,02/26/24,2.77,4.3,0.17,2.37,1.48,1.42,2.2,1.13,0.08,0.1,0.1,0.3,0.0,0.0,0.0,0.0,0.0,0.0,0.0,0.0,0.0,25.58,68.17,16.42
Week,Student,All,02/19/24,2.78,1.4,1.38,1.22,0.85,1.05,0.83,0.52,0.4,0.42,0.47,1.03,0.85,0.17,0.02,0.0,0.0,0.0,0.0,0.0,0.0,22.37,74.05,13.38
Week,Student,All,02/12/24,1.23,2.85,1.45,0.22,0.35,0.68,0.2,0.25,0.13,0.22,0.23,0.25,0.35,0.3,0.27,0.28,0.58,0.02,0.0,0.0,0.0,15.2,57.83,9.87
Week,Student,All,02/05/24,1.58,0.73,0.68,0.78,0.93,0.3,0.5,0.47,0.45,0.73,0.38,0.25,0.47,0.23,0.17,0.33,0.33,0.15,0.08,0.0,0.0,23.0,67.65,9.57
Week,Student,All,01/29/24,1.87,1.88,1.15,1.45,1.28,1.15,0.97,0.87,1.65,2.22,0.73,0.7,0.62,0.8,0.4,0.42,0.17,0.28,0.12,0.0,0.0,29.67,137.42,18.72
Week,Student,All,01/22/24,2.32,0.13,1.15,0.12,0.0,0.02,0.07,0.08,0.05,0.27,0.47,0.02,0.03,0.08,0.05,0.15,0.5,0.85,0.57,0.0,0.0,17.3,55.5,6.92
Week,Student,All,01/15/24,0.8,1.05,1.57,0.4,0.27,0.63,0.0,0.0,0.0,0.0,0.0,0.0,0.0,0.0,0.0,0.0,0.0,0.0,0.0,0.0,0.0,11.6,14.33,4.72
Week,Student,All,01/08/24,0.3,1.08,0.98,0.03,0.42,0.0,0.0,0.0,0.0,0.0,0.0,0.0,0.0,0.0,0.0,0.0,0.0,0.0,0.0,0.0,0.0,9.4,7.63,2.82
Week,Student,All,01/01/24,0.0,0.0,0.0,0.0,0.0,0.0,0.0,0.0,0.0,0.0,0.0,0.0,0.0,0.0,0.0,0.0,0.0,0.0,0.0,0.0,0.0,0.0,0.0,0.0
Week,Student,All,12/25/23,0.0,0.0,0.0,0.0,0.0,0.0,0.0,0.0,0.0,0.0,0.0,0.0,0.0,0.0,0.0,0.0,0.0,0.0,0.0,0.0,0.0,0.0,0.0,0.0
Week,Student,All,12/18/23,0.0,0.0,0.0,0.0,0.0,0.0,0.0,0.0,0.0,0.0,0.0,0.0,0.0,0.0,0.0,0.0,0.0,0.0,0.0,0.0,0.0,0.0,0.0,0.0
Week,Student,All,12/11/23,0.0,0.0,0.0,0.0,0.0,0.0,0.0,0.0,0.0,0.0,0.0,0.0,0.0,0.0,0.0,0.0,0.0,0.0,0.0,0.0,0.0,0.0,0.0,0.0
Week,Student,All,12/04/23,0.0,0.02,0.0,0.0,0.0,0.02,0.07,0.08,0.48,0.7,0.8,0.43,0.87,0.4,0.73,0.43,0.13,0.0,0.0,0.0,0.0,5.18,63.68,5.17
Week,Student,All,11/27/23,1.88,2.02,0.22,0.25,0.2,0.35,0.45,0.97,0.93,0.13,0.1,0.15,0.2,0.32,0.15,0.25,0.23,0.22,0.03,0.0,0.0,9.5,55.97,9.05
Week,Student,All,11/20/23,0.43,2.32,2.98,2.95,0.45,1.27,0.85,0.62,0.65,0.8,0.55,0.37,0.93,1.28,0.58,0.55,0.37,0.22,0.0,0.0,0.0,18.57,128.63,18.17
Week,Student,All,11/13/23,2.97,1.95,1.3,1.28,0.93,2.55,1.42,0.75,0.97,0.52,0.65,0.33,0.32,0.3,0.12,0.33,0.3,0.1,0.08,0.0,0.0,19.0,100.68,17.17
Week,Student,All,11/06/23,0.72,3.97,0.77,1.47,1.15,1.52,0.6,0.3,0.55,0.47,0.7,0.57,0.3,0.52,0.23,0.42,0.28,0.07,0.08,0.0,0.0,17.7,91.28,14.67
Week,Student,All,10/30/23,2.98,4.38,5.28,2.17,0.57,0.72,0.48,0.23,0.2,0.22,0.4,0.67,0.38,0.18,0.32,0.77,1.17,1.2,0.6,0.0,0.0,28.03,142.42,22.92
Week,Student,All,10/23/23,3.1,2.92,1.25,3.63,1.17,0.75,0.33,0.23,0.55,0.95,0.63,0.38,0.2,0.27,0.22,0.28,0.47,0.25,0.0,0.0,0.0,18.17,94.32,17.58
Week,Student,All,10/16/23,2.32,2.5,3.32,2.43,1.2,1.73,1.22,0.68,1.15,0.95,1.47,1.17,0.93,0.92,0.93,0.77,0.8,0.52,0.72,0.0,0.0,28.1,195.12,25.72
Week,Student,All,10/09/23,0.48,1.48,1.27,0.77,0.82,0.57,0.73,0.7,0.73,1.67,1.12,0.75,1.43,1.58,1.95,1.18,1.38,1.35,0.18,0.0,0.0,23.48,213.37,20.15
Week,Student,All,10/02/23,1.95,3.57,0.77,0.77,1.35,1.08,1.52,1.08,0.93,1.42,2.13,1.3,1.13,0.8,0.62,0.77,0.35,0.12,0.0,0.0,0.0,31.85,164.12,21.65
Week,Student,All,09/25/23,4.6,0.13,1.17,0.45,0.37,0.58,0.45,0.15,0.07,0.25,0.35,0.68,0.47,0.4,0.6,0.78,0.98,0.65,0.23,0.0,0.0,20.95,101.05,13.37
Week,Student,All,09/18/23,2.85,0.57,1.5,1.42,2.08,0.97,0.9,1.07,0.57,0.63,1.05,1.05,0.52,0.85,0.55,0.13,0.18,0.15,0.1,0.0,0.0,22.13,117.5,17.13
Week,Student,All,09/11/23,1.8,1.03,0.13,0.92,1.37,1.35,0.95,1.48,1.18,0.87,0.53,0.23,0.2,0.3,0.35,0.95,0.77,0.37,0.52,0.0,0.0,18.78,126.07,15.3
Week,Student,All,09/04/23,8.83,1.2,0.53,0.8,0.7,0.62,0.75,0.58,0.42,0.2,0.05,0.08,0.1,0.07,0.08,0.05,0.35,0.0,0.0,0.0,0.0,27.75,50.68,15.42
Week,Student,All,08/28/23,1.58,1.02,0.93,0.47,0.6,1.15,0.32,0.08,0.2,0.33,0.35,0.25,0.3,0.65,0.75,0.3,0.03,0.02,0.0,0.0,0.0,19.83,62.97,9.33
Week,Student,All,08/21/23,9.37,2.95,2.28,2.15,2.52,1.72,2.45,2.28,1.35,0.93,0.85,0.65,1.02,0.85,0.83,0.75,1.53,2.43,4.9,0.0,0.0,57.33,340.23,41.82
Week,Student,All,08/14/23,4.12,3.07,2.27,1.32,2.27,1.48,0.85,0.23,0.18,0.42,0.33,0.57,0.78,0.78,0.73,0.05,0.0,0.0,0.0,0.0,0.0,31.62,99.6,19.45
Week,Student,All,08/07/23,3.3,0.03,0.73,0.45,0.18,0.35,0.05,0.03,0.05,0.02,0.03,0.0,0.73,0.38,0.13,0.17,0.23,0.0,0.0,0.0,0.0,9.72,35.52,6.88
Week,Student,All,07/31/23,4.27,0.92,1.13,2.68,1.42,0.95,1.77,1.92,1.58,0.88,1.45,1.43,0.98,0.98,1.22,0.57,0.43,1.02,1.55,0.0,0.0,38.02,225.93,27.15
Week,Student,All,07/24/23,0.9,0.88,0.15,0.03,0.03,0.02,0.08,0.1,0.05,0.12,0.07,0.33,0.48,0.2,0.3,0.13,0.67,1.43,0.08,0.0,0.0,25.05,65.68,6.07
Week,Student,All,07/17/23,0.98,0.92,0.43,0.0,0.12,0.02,0.18,0.02,0.03,0.13,0.32,0.02,0.02,0.0,0.0,0.02,0.18,0.38,0.08,0.0,0.0,9.93,23.62,3.85
Week,Student,All,07/10/23,0.35,0.38,1.2,0.95,0.42,0.07,0.1,0.27,0.27,0.25,0.53,0.08,0.38,0.2,0.07,0.17,0.37,0.22,0.12,0.02,0.0,20.55,49.73,6.4
Week,Student,All,07/03/23,2.08,2.18,0.62,0.67,0.52,2.57,0.27,0.08,0.07,0.02,0.12,0.03,0.02,0.05,0.12,0.45,0.35,0.0,0.0,0.0,0.0,14.22,49.75,10.2
Week,Student,All,06/26/23,0.0,0.0,0.0,0.0,0.0,0.0,0.0,0.0,0.0,0.0,0.0,0.0,0.0,0.0,0.0,0.0,0.0,0.0,0.0,0.0,0.0,0.0,0.0,0.0
Week,Student,All,06/19/23,0.0,0.0,0.0,0.0,0.0,0.0,0.0,0.0,0.0,0.0,0.0,0.0,0.0,0.0,0.0,0.0,0.0,0.0,0.0,0.0,0.0,5.17,0.0,0.0
Week,Student,All,06/12/23,0.0,0.0,0.0,0.0,0.0,0.0,0.0,0.0,0.0,0.0,0.0,0.0,0.0,0.0,0.0,0.0,0.0,0.0,0.0,0.0,0.0,0.0,0.0,0.0
Week,Student,All,06/05/23,0.0,0.0,0.0,0.0,0.0,0.0,0.0,0.0,0.0,0.0,0.0,0.0,0.0,0.0,0.0,0.0,0.0,0.0,0.0,0.0,0.0,0.0,0.0,0.0
Week,Student,All,05/29/23,1.12,0.0,0.0,0.0,0.0,0.0,0.0,0.0,0.0,0.0,0.0,0.0,0.0,0.0,0.0,0.0,0.0,0.0,0.0,0.0,0.0,1.13,1.12,1.12
Week,Student,All,05/22/23,3.62,1.72,1.1,0.12,0.13,0.55,1.1,0.57,0.35,0.65,0.65,0.22,0.1,0.4,0.3,0.72,1.22,1.03,0.85,1.93,0.0,21.1,163.38,17.32
Week,Student,All,05/15/23,3.33,1.47,2.52,0.87,0.48,0.97,1.2,1.28,0.67,0.98,0.92,0.42,0.53,0.38,0.8,0.48,0.78,0.32,0.03,0.0,0.0,29.33,126.77,18.43
Week,Student,All,05/08/23,3.02,5.67,2.37,1.9,1.18,0.65,0.27,0.43,0.17,0.37,0.67,0.68,0.47,0.63,0.4,0.28,0.38,0.4,0.63,1.22,0.0,36.68,140.45,21.78
Week,Student,All,05/01/23,0.07,0.35,0.08,0.13,0.0,0.0,0.0,0.0,0.0,0.0,0.0,0.0,0.0,0.0,0.0,0.0,0.0,0.0,0.0,0.0,0.0,4.77,1.55,0.63
Week,Student,All,04/24/23,0.0,0.0,0.0,0.0,0.0,0.0,0.0,0.0,0.0,0.0,0.0,0.0,0.0,0.0,0.0,0.0,0.0,0.0,0.0,0.0,0.0,0.0,0.0,0.0
Week,Student,All,04/17/23,0.0,0.0,0.0,0.0,0.0,0.0,0.0,0.0,0.0,0.0,0.0,0.0,0.0,0.0,0.0,0.0,0.0,0.0,0.0,0.0,0.0,0.0,0.0,0.0
Week,Student,All,04/10/23,0.0,0.0,0.0,0.0,0.0,0.0,0.0,0.0,0.0,0.0,0.0,0.0,0.0,0.0,0.0,0.0,0.0,0.0,0.0,0.0,0.0,0.0,0.0,0.0
Week,Student,All,04/03/23,0.0,0.0,0.0,0.0,0.0,0.0,0.0,0.0,0.0,0.0,0.0,0.0,0.0,0.0,0.0,0.0,0.0,0.0,0.0,0.0,0.0,0.0,0.0,0.0
Week,Student,All,03/27/23,0.0,0.0,0.0,0.0,0.0,0.0,0.0,0.0,0.0,0.0,0.0,0.0,0.0,0.0,0.0,0.0,0.0,0.0,0.0,0.0,0.0,0.0,0.0,0.0
Week,Student,All,03/20/23,0.0,0.0,0.0,0.0,0.0,0.0,0.0,0.0,0.0,0.0,0.0,0.0,0.0,0.0,0.0,0.0,0.0,0.0,0.0,0.0,0.0,0.67,0.0,0.0
Week,Student,All,03/13/23,1.02,1.57,0.22,1.58,0.78,1.22,0.55,0.47,0.62,0.82,0.7,0.38,0.63,1.2,2.02,1.68,0.68,0.77,1.15,4.63,0.0,25.45,278.1,22.68
Week,Student,All,03/06/23,1.35,1.77,0.45,1.12,0.4,0.75,0.5,0.07,0.05,0.27,0.6,0.58,0.98,1.18,1.07,0.57,1.35,2.1,2.37,2.85,0.0,25.03,255.08,20.37
Week,Student,All,02/27/23,0.75,0.4,1.4,0.47,0.62,1.1,0.65,0.53,0.45,0.35,0.13,0.13,0.25,0.2,0.15,0.47,0.25,0.07,0.42,0.2,0.0,20.33,69.87,8.98
Week,Student,All,02/20/23,2.03,1.47,0.6,0.95,1.78,0.48,0.8,0.68,0.6,0.27,0.27,0.17,0.32,0.05,0.13,0.18,0.4,0.52,0.55,1.35,0.0,18.98,109.75,13.6
Week,Student,All,02/13/23,1.73,3.17,1.03,0.97,1.78,0.85,1.6,0.9,1.02,1.23,0.55,0.48,0.23,0.4,0.65,1.05,0.6,1.23,1.37,0.3,0.0,33.58,180.33,21.15
Week,Student,All,02/06/23,0.57,0.62,2.35,0.77,0.18,0.0,0.02,0.03,0.05,0.05,0.63,0.03,0.18,0.3,0.08,0.0,0.0,0.0,0.0,0.0,0.0,26.07,29.37,5.87
Week,Student,All,01/30/23,0.12,0.53,0.2,1.8,0.57,0.17,0.42,0.35,0.75,1.32,0.27,0.23,0.37,0.3,0.08,0.07,0.15,0.17,0.0,0.0,0.0,9.62,61.02,7.85
Week,Student,All,01/23/23,1.4,0.03,0.13,0.07,0.35,0.95,0.12,0.18,0.38,0.2,0.28,0.53,0.17,0.1,0.48,0.42,0.15,0.13,0.35,0.08,0.0,13.27,57.58,6.52
Week,Student,All,01/16/23,0.05,0.03,0.0,0.0,0.0,0.0,0.0,0.0,0.0,0.0,0.0,0.0,0.0,0.0,0.0,0.0,0.0,0.0,0.0,0.0,0.0,2.6,0.12,0.08
Week,Student,All,01/09/23,0.0,0.0,0.0,0.0,0.0,0.0,0.0,0.0,0.0,0.0,0.0,0.0,0.0,0.0,0.0,0.0,0.0,0.0,0.0,0.0,0.0,0.0,0.0,0.0
Week,Student,All,01/02/23,0.0,0.0,0.0,0.0,0.0,0.0,0.0,0.0,0.0,0.0,0.0,0.0,0.0,0.0,0.0,0.0,0.0,0.0,0.0,0.0,0.0,0.0,0.0,0.0
Week,Student,All,12/26/22,0.0,0.0,0.0,0.0,0.0,0.0,0.0,0.0,0.0,0.0,0.0,0.0,0.0,0.0,0.0,0.0,0.0,0.0,0.0,0.0,0.0,0.0,0.0,0.0
Week,Student,All,12/19/22,0.0,0.0,0.0,0.0,0.0,0.0,0.0,0.0,0.0,0.0,0.0,0.0,0.0,0.0,0.0,0.0,0.0,0.0,0.0,0.0,0.0,0.0,0.0,0.0
Week,Student,All,12/12/22,0.0,0.0,0.0,0.0,0.0,0.0,0.0,0.0,0.0,0.0,0.0,0.0,0.0,0.0,0.0,0.0,0.0,0.0,0.0,0.0,0.0,0.0,0.0,0.0
Week,Student,All,12/05/22,0.0,0.0,0.0,0.0,0.0,0.0,0.0,0.0,0.0,0.0,0.0,0.0,0.0,0.0,0.0,0.0,0.0,0.0,0.0,0.0,0.0,0.0,0.0,0.0
Week,Student,All,11/28/22,0.17,0.0,0.05,0.07,0.0,0.0,0.0,0.0,0.0,0.0,0.0,0.0,0.0,0.0,0.0,0.0,0.0,0.0,0.0,0.0,0.0,0.52,0.58,0.28
Week,Student,All,11/21/22,0.05,0.05,0.07,0.12,0.35,0.17,0.35,0.15,0.17,0.02,0.08,0.25,0.13,0.17,0.07,0.05,0.2,0.2,1.27,0.35,0.0,4.43,56.73,4.25
Week,Student,All,11/14/22,0.88,1.57,0.52,0.52,0.37,0.05,0.07,0.0,0.07,0.12,0.18,0.13,0.18,0.58,0.67,0.8,1.22,1.5,4.77,1.98,0.0,16.9,226.88,16.17
Week,Student,All,11/07/22,0.5,0.32,0.55,0.17,0.2,0.47,0.03,0.03,0.02,0.03,0.05,0.03,0.08,0.15,0.08,0.1,0.2,0.48,0.8,2.5,0.0,7.15,92.52,6.8
Week,Student,All,10/31/22,2.1,0.07,0.13,0.1,0.07,1.32,0.0,0.0,0.0,0.0,0.0,0.0,0.0,0.0,0.0,0.0,0.0,0.0,0.0,0.0,0.0,3.8,11.27,3.78
Week,Student,All,10/24/22,0.07,0.87,0.78,0.7,0.07,0.33,0.28,0.0,0.03,0.18,0.05,0.07,0.05,0.12,0.33,0.42,0.23,0.53,0.95,0.7,0.0,7.0,74.32,6.77
Week,Student,All,10/17/22,3.1,1.03,0.58,0.43,0.98,1.27,0.38,0.42,0.22,0.28,0.2,0.38,0.6,0.57,0.5,0.23,0.43,0.98,0.98,1.18,0.0,16.1,133.15,14.77
Week,Student,All,10/10/22,1.0,1.08,0.28,0.25,0.63,0.1,0.23,0.22,0.02,0.05,0.13,0.05,0.08,0.27,0.38,0.25,0.38,0.7,0.32,0.82,0.0,14.3,70.9,7.25
Week,Student,All,10/03/22,0.0,0.0,0.0,0.0,0.0,0.0,0.0,0.0,0.0,0.0,0.0,0.0,0.0,0.0,0.0,0.0,0.0,0.0,0.0,0.0,0.0,0.0,0.0,0.0
Week,Student,All,09/26/22,0.03,0.0,0.0,0.0,0.0,0.0,0.0,0.0,0.0,0.0,0.0,0.0,0.0,0.0,0.0,0.0,0.0,0.0,0.0,0.0,0.0,1.68,0.03,0.03
Week,Student,All,09/20/22,0.0,0.0,0.0,0.0,0.0,0.0,0.0,0.0,0.0,0.0,0.0,0.0,0.0,0.0,0.0,0.0,0.0,0.0,0.0,0.0,0.0,0.02,0.0,0.0
Week,Teacher,Active,03/25/24,0.0,0.0,0.0,0.0,0.0,0.0,0.0,0.0,0.0,0.0,0.0,0.0,0.0,0.0,0.0,0.0,0.0,0.0,0.0,0.0,0.0,3.87,0.0,0.0
Week,Teacher,Active,03/18/24,0.58,0.0,0.0,0.0,0.0,0.0,0.0,0.0,0.0,0.0,0.0,0.0,0.0,0.0,0.0,0.0,0.0,0.0,0.0,0.0,0.0,16.0,0.58,0.58
Week,Teacher,Active,03/11/24,0.0,0.0,0.0,0.0,0.0,0.0,0.0,0.0,0.0,0.0,0.0,0.0,0.0,0.0,0.0,0.0,0.0,0.0,0.0,0.0,0.0,16.38,0.0,0.0
Week,Teacher,Active,03/04/24,1.17,0.0,0.0,0.0,0.0,0.0,0.0,0.0,0.0,0.0,0.0,0.0,0.0,0.0,0.0,0.0,0.0,0.0,0.0,0.0,0.0,13.83,1.17,1.17
Week,Teacher,Active,02/26/24,4.35,0.0,0.0,0.0,0.0,0.0,0.0,0.0,0.0,0.0,0.0,0.0,0.0,0.0,0.0,0.0,0.0,0.0,0.0,0.0,0.0,25.58,4.35,4.35
Week,Teacher,Active,02/19/24,4.5,0.0,0.0,0.0,0.0,0.0,0.0,0.0,0.0,0.0,0.0,0.0,0.0,0.0,0.0,0.0,0.0,0.0,0.0,0.0,0.0,22.37,4.5,4.5
Week,Teacher,Active,02/12/24,8.1,0.0,0.0,0.0,0.0,0.0,0.0,0.0,0.0,0.0,0.0,0.0,0.0,0.0,0.0,0.0,0.0,0.0,0.0,0.0,0.0,15.2,8.1,8.1
Week,Teacher,Active,02/05/24,10.12,0.0,0.0,0.0,0.0,0.0,0.0,0.0,0.0,0.0,0.0,0.0,0.0,0.0,0.0,0.0,0.0,0.0,0.0,0.0,0.0,23.0,10.12,10.12
Week,Teacher,Active,01/29/24,6.42,0.0,0.0,0.0,0.0,0.0,0.0,0.0,0.0,0.0,0.0,0.0,0.0,0.0,0.0,0.0,0.0,0.0,0.0,0.0,0.0,29.67,6.42,6.42
Week,Teacher,Active,01/22/24,2.03,0.0,0.0,0.0,0.0,0.0,0.0,0.0,0.0,0.0,0.0,0.0,0.0,0.0,0.0,0.0,0.0,0.0,0.0,0.0,0.0,17.3,2.03,2.03
Week,Teacher,Active,01/15/24,1.37,0.0,0.0,0.0,0.0,0.0,0.0,0.0,0.0,0.0,0.0,0.0,0.0,0.0,0.0,0.0,0.0,0.0,0.0,0.0,0.0,11.6,1.37,1.37
Week,Teacher,Active,01/08/24,5.92,0.0,0.0,0.0,0.0,0.0,0.0,0.0,0.0,0.0,0.0,0.0,0.0,0.0,0.0,0.0,0.0,0.0,0.0,0.0,0.0,9.4,5.92,5.92
Week,Teacher,Active,01/01/24,0.0,0.0,0.0,0.0,0.0,0.0,0.0,0.0,0.0,0.0,0.0,0.0,0.0,0.0,0.0,0.0,0.0,0.0,0.0,0.0,0.0,0.0,0.0,0.0
Week,Teacher,Active,12/25/23,0.0,0.0,0.0,0.0,0.0,0.0,0.0,0.0,0.0,0.0,0.0,0.0,0.0,0.0,0.0,0.0,0.0,0.0,0.0,0.0,0.0,0.0,0.0,0.0
Week,Teacher,Active,12/18/23,0.0,0.0,0.0,0.0,0.0,0.0,0.0,0.0,0.0,0.0,0.0,0.0,0.0,0.0,0.0,0.0,0.0,0.0,0.0,0.0,0.0,0.0,0.0,0.0
Week,Teacher,Active,12/11/23,0.0,0.0,0.0,0.0,0.0,0.0,0.0,0.0,0.0,0.0,0.0,0.0,0.0,0.0,0.0,0.0,0.0,0.0,0.0,0.0,0.0,0.0,0.0,0.0
Week,Teacher,Active,12/04/23,0.0,0.0,0.0,0.0,0.0,0.0,0.0,0.0,0.0,0.0,0.0,0.0,0.0,0.0,0.0,0.0,0.0,0.0,0.0,0.0,0.0,5.18,0.0,0.0
Week,Teacher,Active,11/27/23,0.0,0.0,0.0,0.0,0.0,0.0,0.0,0.0,0.0,0.0,0.0,0.0,0.0,0.0,0.0,0.0,0.0,0.0,0.0,0.0,0.0,9.5,0.0,0.0
Week,Teacher,Active,11/20/23,0.0,0.0,0.0,0.0,0.0,0.0,0.0,0.0,0.0,0.0,0.0,0.0,0.0,0.0,0.0,0.0,0.0,0.0,0.0,0.0,0.0,18.57,0.0,0.0
Week,Teacher,Active,11/13/23,0.0,0.0,0.0,0.0,0.0,0.0,0.0,0.0,0.0,0.0,0.0,0.0,0.0,0.0,0.0,0.0,0.0,0.0,0.0,0.0,0.0,19.0,0.0,0.0
Week,Teacher,Active,11/06/23,0.0,0.0,0.0,0.0,0.0,0.0,0.0,0.0,0.0,0.0,0.0,0.0,0.0,0.0,0.0,0.0,0.0,0.0,0.0,0.0,0.0,17.7,0.0,0.0
Week,Teacher,Active,10/30/23,0.38,0.0,0.0,0.0,0.0,0.0,0.0,0.0,0.0,0.0,0.0,0.0,0.0,0.0,0.0,0.0,0.0,0.0,0.0,0.0,0.0,28.03,0.38,0.38
Week,Teacher,Active,10/23/23,0.02,0.0,0.0,0.0,0.0,0.0,0.0,0.0,0.0,0.0,0.0,0.0,0.0,0.0,0.0,0.0,0.0,0.0,0.0,0.0,0.0,18.17,0.02,0.02
Week,Teacher,Active,10/16/23,0.03,0.0,0.0,0.0,0.0,0.0,0.0,0.0,0.0,0.0,0.0,0.0,0.0,0.0,0.0,0.0,0.0,0.0,0.0,0.0,0.0,28.1,0.03,0.03
Week,Teacher,Active,10/09/23,0.0,0.0,0.0,0.0,0.0,0.0,0.0,0.0,0.0,0.0,0.0,0.0,0.0,0.0,0.0,0.0,0.0,0.0,0.0,0.0,0.0,23.48,0.0,0.0
Week,Teacher,Active,10/02/23,0.43,0.0,0.0,0.0,0.0,0.0,0.0,0.0,0.0,0.0,0.0,0.0,0.0,0.0,0.0,0.0,0.0,0.0,0.0,0.0,0.0,31.85,0.43,0.43
Week,Teacher,Active,09/25/23,0.0,0.0,0.0,0.0,0.0,0.0,0.0,0.0,0.0,0.0,0.0,0.0,0.0,0.0,0.0,0.0,0.0,0.0,0.0,0.0,0.0,20.95,0.0,0.0
Week,Teacher,Active,09/18/23,0.0,0.0,0.0,0.0,0.0,0.0,0.0,0.0,0.0,0.0,0.0,0.0,0.0,0.0,0.0,0.0,0.0,0.0,0.0,0.0,0.0,22.13,0.0,0.0
Week,Teacher,Active,09/11/23,0.0,0.0,0.0,0.0,0.0,0.0,0.0,0.0,0.0,0.0,0.0,0.0,0.0,0.0,0.0,0.0,0.0,0.0,0.0,0.0,0.0,18.78,0.0,0.0
Week,Teacher,Active,09/04/23,0.0,0.0,0.0,0.0,0.0,0.0,0.0,0.0,0.0,0.0,0.0,0.0,0.0,0.0,0.0,0.0,0.0,0.0,0.0,0.0,0.0,27.75,0.0,0.0
Week,Teacher,Active,08/28/23,0.03,0.0,0.0,0.0,0.0,0.0,0.0,0.0,0.0,0.0,0.0,0.0,0.0,0.0,0.0,0.0,0.0,0.0,0.0,0.0,0.0,19.83,0.03,0.03
Week,Teacher,Active,08/21/23,0.85,0.0,0.0,0.0,0.0,0.0,0.0,0.0,0.0,0.0,0.0,0.0,0.0,0.0,0.0,0.0,0.0,0.0,0.0,0.0,0.0,57.33,0.85,0.85
Week,Teacher,Active,08/14/23,0.4,0.0,0.0,0.0,0.0,0.0,0.0,0.0,0.0,0.0,0.0,0.0,0.0,0.0,0.0,0.0,0.0,0.0,0.0,0.0,0.0,31.62,0.4,0.4
Week,Teacher,Active,08/07/23,0.88,0.0,0.0,0.0,0.0,0.0,0.0,0.0,0.0,0.0,0.0,0.0,0.0,0.0,0.0,0.0,0.0,0.0,0.0,0.0,0.0,9.72,0.88,0.88
Week,Teacher,Active,07/31/23,0.0,0.0,0.0,0.0,0.0,0.0,0.0,0.0,0.0,0.0,0.0,0.0,0.0,0.0,0.0,0.0,0.0,0.0,0.0,0.0,0.0,38.02,0.0,0.0
Week,Teacher,Active,07/24/23,0.0,0.0,0.0,0.0,0.0,0.0,0.0,0.0,0.0,0.0,0.0,0.0,0.0,0.0,0.0,0.0,0.0,0.0,0.0,0.0,0.0,25.05,0.0,0.0
Week,Teacher,Active,07/17/23,0.0,0.0,0.0,0.0,0.0,0.0,0.0,0.0,0.0,0.0,0.0,0.0,0.0,0.0,0.0,0.0,0.0,0.0,0.0,0.0,0.0,9.93,0.0,0.0
Week,Teacher,Active,07/10/23,0.0,0.0,0.0,0.0,0.0,0.0,0.0,0.0,0.0,0.0,0.0,0.0,0.0,0.0,0.0,0.0,0.0,0.0,0.0,0.0,0.0,20.55,0.0,0.0
Week,Teacher,Active,07/03/23,0.0,0.0,0.0,0.0,0.0,0.0,0.0,0.0,0.0,0.0,0.0,0.0,0.0,0.0,0.0,0.0,0.0,0.0,0.0,0.0,0.0,14.22,0.0,0.0
Week,Teacher,Active,06/26/23,0.0,0.0,0.0,0.0,0.0,0.0,0.0,0.0,0.0,0.0,0.0,0.0,0.0,0.0,0.0,0.0,0.0,0.0,0.0,0.0,0.0,0.0,0.0,0.0
Week,Teacher,Active,06/19/23,0.0,0.0,0.0,0.0,0.0,0.0,0.0,0.0,0.0,0.0,0.0,0.0,0.0,0.0,0.0,0.0,0.0,0.0,0.0,0.0,0.0,5.17,0.0,0.0
Week,Teacher,Active,06/12/23,0.0,0.0,0.0,0.0,0.0,0.0,0.0,0.0,0.0,0.0,0.0,0.0,0.0,0.0,0.0,0.0,0.0,0.0,0.0,0.0,0.0,0.0,0.0,0.0
Week,Teacher,Active,06/05/23,0.0,0.0,0.0,0.0,0.0,0.0,0.0,0.0,0.0,0.0,0.0,0.0,0.0,0.0,0.0,0.0,0.0,0.0,0.0,0.0,0.0,0.0,0.0,0.0
Week,Teacher,Active,05/29/23,0.0,0.0,0.0,0.0,0.0,0.0,0.0,0.0,0.0,0.0,0.0,0.0,0.0,0.0,0.0,0.0,0.0,0.0,0.0,0.0,0.0,1.13,0.0,0.0
Week,Teacher,Active,05/22/23,0.0,0.0,0.0,0.0,0.0,0.0,0.0,0.0,0.0,0.0,0.0,0.0,0.0,0.0,0.0,0.0,0.0,0.0,0.0,0.0,0.0,21.1,0.0,0.0
Week,Teacher,Active,05/15/23,0.0,0.0,0.0,0.0,0.0,0.0,0.0,0.0,0.0,0.0,0.0,0.0,0.0,0.0,0.0,0.0,0.0,0.0,0.0,0.0,0.0,29.33,0.0,0.0
Week,Teacher,Active,05/08/23,0.0,0.0,0.0,0.0,0.0,0.0,0.0,0.0,0.0,0.0,0.0,0.0,0.0,0.0,0.0,0.0,0.0,0.0,0.0,0.0,0.0,36.68,0.0,0.0
Week,Teacher,Active,05/01/23,1.17,0.0,0.0,0.0,0.0,0.0,0.0,0.0,0.0,0.0,0.0,0.0,0.0,0.0,0.0,0.0,0.0,0.0,0.0,0.0,0.0,4.77,1.17,1.17
Week,Teacher,Active,04/24/23,0.0,0.0,0.0,0.0,0.0,0.0,0.0,0.0,0.0,0.0,0.0,0.0,0.0,0.0,0.0,0.0,0.0,0.0,0.0,0.0,0.0,0.0,0.0,0.0
Week,Teacher,Active,04/17/23,0.0,0.0,0.0,0.0,0.0,0.0,0.0,0.0,0.0,0.0,0.0,0.0,0.0,0.0,0.0,0.0,0.0,0.0,0.0,0.0,0.0,0.0,0.0,0.0
Week,Teacher,Active,04/10/23,0.0,0.0,0.0,0.0,0.0,0.0,0.0,0.0,0.0,0.0,0.0,0.0,0.0,0.0,0.0,0.0,0.0,0.0,0.0,0.0,0.0,0.0,0.0,0.0
Week,Teacher,Active,04/03/23,0.0,0.0,0.0,0.0,0.0,0.0,0.0,0.0,0.0,0.0,0.0,0.0,0.0,0.0,0.0,0.0,0.0,0.0,0.0,0.0,0.0,0.0,0.0,0.0
Week,Teacher,Active,03/27/23,0.0,0.0,0.0,0.0,0.0,0.0,0.0,0.0,0.0,0.0,0.0,0.0,0.0,0.0,0.0,0.0,0.0,0.0,0.0,0.0,0.0,0.0,0.0,0.0
Week,Teacher,Active,03/20/23,0.0,0.0,0.0,0.0,0.0,0.0,0.0,0.0,0.0,0.0,0.0,0.0,0.0,0.0,0.0,0.0,0.0,0.0,0.0,0.0,0.0,0.67,0.0,0.0
Week,Teacher,Active,03/13/23,0.02,0.0,0.0,0.0,0.0,0.0,0.0,0.0,0.0,0.0,0.0,0.0,0.0,0.0,0.0,0.0,0.0,0.0,0.0,0.0,0.0,25.45,0.02,0.02
Week,Teacher,Active,03/06/23,0.0,0.0,0.0,0.0,0.0,0.0,0.0,0.0,0.0,0.0,0.0,0.0,0.0,0.0,0.0,0.0,0.0,0.0,0.0,0.0,0.0,25.03,0.0,0.0
Week,Teacher,Active,02/27/23,0.0,0.0,0.0,0.0,0.0,0.0,0.0,0.0,0.0,0.0,0.0,0.0,0.0,0.0,0.0,0.0,0.0,0.0,0.0,0.0,0.0,20.33,0.0,0.0
Week,Teacher,Active,02/20/23,0.0,0.0,0.0,0.0,0.0,0.0,0.0,0.0,0.0,0.0,0.0,0.0,0.0,0.0,0.0,0.0,0.0,0.0,0.0,0.0,0.0,18.98,0.0,0.0
Week,Teacher,Active,02/13/23,0.03,0.0,0.0,0.0,0.0,0.0,0.0,0.0,0.0,0.0,0.0,0.0,0.0,0.0,0.0,0.0,0.0,0.0,0.0,0.0,0.0,33.58,0.03,0.03
Week,Teacher,Active,02/06/23,0.63,0.0,0.0,0.0,0.0,0.0,0.0,0.0,0.0,0.0,0.0,0.0,0.0,0.0,0.0,0.0,0.0,0.0,0.0,0.0,0.0,26.07,0.63,0.63
Week,Teacher,Active,01/30/23,0.0,0.0,0.0,0.0,0.0,0.0,0.0,0.0,0.0,0.0,0.0,0.0,0.0,0.0,0.0,0.0,0.0,0.0,0.0,0.0,0.0,9.62,0.0,0.0
Week,Teacher,Active,01/23/23,0.57,0.0,0.0,0.0,0.0,0.0,0.0,0.0,0.0,0.0,0.0,0.0,0.0,0.0,0.0,0.0,0.0,0.0,0.0,0.0,0.0,13.27,0.57,0.57
Week,Teacher,Active,01/16/23,0.0,0.0,0.0,0.0,0.0,0.0,0.0,0.0,0.0,0.0,0.0,0.0,0.0,0.0,0.0,0.0,0.0,0.0,0.0,0.0,0.0,2.6,0.0,0.0
Week,Teacher,Active,01/09/23,0.0,0.0,0.0,0.0,0.0,0.0,0.0,0.0,0.0,0.0,0.0,0.0,0.0,0.0,0.0,0.0,0.0,0.0,0.0,0.0,0.0,0.0,0.0,0.0
Week,Teacher,Active,01/02/23,0.0,0.0,0.0,0.0,0.0,0.0,0.0,0.0,0.0,0.0,0.0,0.0,0.0,0.0,0.0,0.0,0.0,0.0,0.0,0.0,0.0,0.0,0.0,0.0
Week,Teacher,Active,12/26/22,0.0,0.0,0.0,0.0,0.0,0.0,0.0,0.0,0.0,0.0,0.0,0.0,0.0,0.0,0.0,0.0,0.0,0.0,0.0,0.0,0.0,0.0,0.0,0.0
Week,Teacher,Active,12/19/22,0.0,0.0,0.0,0.0,0.0,0.0,0.0,0.0,0.0,0.0,0.0,0.0,0.0,0.0,0.0,0.0,0.0,0.0,0.0,0.0,0.0,0.0,0.0,0.0
Week,Teacher,Active,12/12/22,0.0,0.0,0.0,0.0,0.0,0.0,0.0,0.0,0.0,0.0,0.0,0.0,0.0,0.0,0.0,0.0,0.0,0.0,0.0,0.0,0.0,0.0,0.0,0.0
Week,Teacher,Active,12/05/22,0.0,0.0,0.0,0.0,0.0,0.0,0.0,0.0,0.0,0.0,0.0,0.0,0.0,0.0,0.0,0.0,0.0,0.0,0.0,0.0,0.0,0.0,0.0,0.0
Week,Teacher,Active,11/28/22,0.0,0.0,0.0,0.0,0.0,0.0,0.0,0.0,0.0,0.0,0.0,0.0,0.0,0.0,0.0,0.0,0.0,0.0,0.0,0.0,0.0,0.52,0.0,0.0
Week,Teacher,Active,11/21/22,0.0,0.0,0.0,0.0,0.0,0.0,0.0,0.0,0.0,0.0,0.0,0.0,0.0,0.0,0.0,0.0,0.0,0.0,0.0,0.0,0.0,4.43,0.0,0.0
Week,Teacher,Active,11/14/22,5.15,0.0,0.0,0.0,0.0,0.0,0.0,0.0,0.0,0.0,0.0,0.0,0.0,0.0,0.0,0.0,0.0,0.0,0.0,0.0,0.0,16.9,5.15,5.15
Week,Teacher,Active,11/07/22,0.0,0.0,0.0,0.0,0.0,0.0,0.0,0.0,0.0,0.0,0.0,0.0,0.0,0.0,0.0,0.0,0.0,0.0,0.0,0.0,0.0,7.15,0.0,0.0
Week,Teacher,Active,10/31/22,0.0,0.0,0.0,0.0,0.0,0.0,0.0,0.0,0.0,0.0,0.0,0.0,0.0,0.0,0.0,0.0,0.0,0.0,0.0,0.0,0.0,3.8,0.0,0.0
Week,Teacher,Active,10/24/22,0.0,0.0,0.0,0.0,0.0,0.0,0.0,0.0,0.0,0.0,0.0,0.0,0.0,0.0,0.0,0.0,0.0,0.0,0.0,0.0,0.0,7.0,0.0,0.0
Week,Teacher,Active,10/17/22,0.0,0.0,0.0,0.0,0.0,0.0,0.0,0.0,0.0,0.0,0.0,0.0,0.0,0.0,0.0,0.0,0.0,0.0,0.0,0.0,0.0,16.1,0.0,0.0
Week,Teacher,Active,10/10/22,0.0,0.0,0.0,0.0,0.0,0.0,0.0,0.0,0.0,0.0,0.0,0.0,0.0,0.0,0.0,0.0,0.0,0.0,0.0,0.0,0.0,14.3,0.0,0.0
Week,Teacher,Active,10/03/22,0.0,0.0,0.0,0.0,0.0,0.0,0.0,0.0,0.0,0.0,0.0,0.0,0.0,0.0,0.0,0.0,0.0,0.0,0.0,0.0,0.0,0.0,0.0,0.0
Week,Teacher,Active,09/26/22,0.03,0.0,0.0,0.0,0.0,0.0,0.0,0.0,0.0,0.0,0.0,0.0,0.0,0.0,0.0,0.0,0.0,0.0,0.0,0.0,0.0,1.68,0.03,0.03
Week,Teacher,Active,09/20/22,0.0,0.0,0.0,0.0,0.0,0.0,0.0,0.0,0.0,0.0,0.0,0.0,0.0,0.0,0.0,0.0,0.0,0.0,0.0,0.0,0.0,0.02,0.0,0.0
Week,Teacher,All,03/25/24,0.0,0.0,0.0,0.0,0.0,0.0,0.0,0.0,0.0,0.0,0.0,0.0,0.0,0.0,0.0,0.0,0.0,0.0,0.0,0.0,0.0,3.87,0.0,0.0
Week,Teacher,All,03/18/24,0.58,0.0,0.0,0.0,0.0,0.0,0.0,0.0,0.0,0.0,0.0,0.0,0.0,0.0,0.0,0.0,0.0,0.0,0.0,0.0,0.0,16.0,0.58,0.58
Week,Teacher,All,03/11/24,0.0,0.0,0.0,0.0,0.0,0.0,0.0,0.0,0.0,0.0,0.0,0.0,0.0,0.0,0.0,0.0,0.0,0.0,0.0,0.0,0.0,16.38,0.0,0.0
Week,Teacher,All,03/04/24,1.17,0.0,0.0,0.0,0.0,0.0,0.0,0.0,0.0,0.0,0.0,0.0,0.0,0.0,0.0,0.0,0.0,0.0,0.0,0.0,0.0,13.83,1.17,1.17
Week,Teacher,All,02/26/24,4.43,0.0,0.0,0.0,0.0,0.0,0.0,0.0,0.0,0.0,0.0,0.0,0.0,0.0,0.0,0.0,0.0,0.0,0.0,0.0,0.0,25.58,4.43,4.43
Week,Teacher,All,02/19/24,4.58,0.0,0.0,0.0,0.0,0.0,0.0,0.0,0.0,0.0,0.0,0.0,0.0,0.0,0.0,0.0,0.0,0.0,0.0,0.0,0.0,22.37,4.58,4.58
Week,Teacher,All,02/12/24,8.4,0.0,0.0,0.0,0.0,0.0,0.0,0.0,0.0,0.0,0.0,0.0,0.0,0.0,0.0,0.0,0.0,0.0,0.0,0.0,0.0,15.2,8.4,8.4
Week,Teacher,All,02/05/24,10.68,0.0,0.0,0.0,0.0,0.0,0.0,0.0,0.0,0.0,0.0,0.0,0.0,0.0,0.0,0.0,0.0,0.0,0.0,0.0,0.0,23.0,10.68,10.68
Week,Teacher,All,01/29/24,6.42,0.0,0.0,0.0,0.0,0.0,0.0,0.0,0.0,0.0,0.0,0.0,0.0,0.0,0.0,0.0,0.0,0.0,0.0,0.0,0.0,29.67,6.42,6.42
Week,Teacher,All,01/22/24,2.55,0.0,0.0,0.0,0.0,0.0,0.0,0.0,0.0,0.0,0.0,0.0,0.0,0.0,0.0,0.0,0.0,0.0,0.0,0.0,0.0,17.3,2.55,2.55
Week,Teacher,All,01/15/24,1.92,0.0,0.0,0.0,0.0,0.0,0.0,0.0,0.0,0.0,0.0,0.0,0.0,0.0,0.0,0.0,0.0,0.0,0.0,0.0,0.0,11.6,1.92,1.92
Week,Teacher,All,01/08/24,5.97,0.0,0.0,0.0,0.0,0.0,0.0,0.0,0.0,0.0,0.0,0.0,0.0,0.0,0.0,0.0,0.0,0.0,0.0,0.0,0.0,9.4,5.97,5.97
Week,Teacher,All,01/01/24,0.0,0.0,0.0,0.0,0.0,0.0,0.0,0.0,0.0,0.0,0.0,0.0,0.0,0.0,0.0,0.0,0.0,0.0,0.0,0.0,0.0,0.0,0.0,0.0
Week,Teacher,All,12/25/23,0.0,0.0,0.0,0.0,0.0,0.0,0.0,0.0,0.0,0.0,0.0,0.0,0.0,0.0,0.0,0.0,0.0,0.0,0.0,0.0,0.0,0.0,0.0,0.0
Week,Teacher,All,12/18/23,0.0,0.0,0.0,0.0,0.0,0.0,0.0,0.0,0.0,0.0,0.0,0.0,0.0,0.0,0.0,0.0,0.0,0.0,0.0,0.0,0.0,0.0,0.0,0.0
Week,Teacher,All,12/11/23,0.0,0.0,0.0,0.0,0.0,0.0,0.0,0.0,0.0,0.0,0.0,0.0,0.0,0.0,0.0,0.0,0.0,0.0,0.0,0.0,0.0,0.0,0.0,0.0
Week,Teacher,All,12/04/23,0.0,0.0,0.0,0.0,0.0,0.0,0.0,0.0,0.0,0.0,0.0,0.0,0.0,0.0,0.0,0.0,0.0,0.0,0.0,0.0,0.0,5.18,0.0,0.0
Week,Teacher,All,11/27/23,0.0,0.0,0.0,0.0,0.0,0.0,0.0,0.0,0.0,0.0,0.0,0.0,0.0,0.0,0.0,0.0,0.0,0.0,0.0,0.0,0.0,9.5,0.0,0.0
Week,Teacher,All,11/20/23,0.0,0.0,0.0,0.0,0.0,0.0,0.0,0.0,0.0,0.0,0.0,0.0,0.0,0.0,0.0,0.0,0.0,0.0,0.0,0.0,0.0,18.57,0.0,0.0
Week,Teacher,All,11/13/23,0.0,0.0,0.0,0.0,0.0,0.0,0.0,0.0,0.0,0.0,0.0,0.0,0.0,0.0,0.0,0.0,0.0,0.0,0.0,0.0,0.0,19.0,0.0,0.0
Week,Teacher,All,11/06/23,0.0,0.0,0.0,0.0,0.0,0.0,0.0,0.0,0.0,0.0,0.0,0.0,0.0,0.0,0.0,0.0,0.0,0.0,0.0,0.0,0.0,17.7,0.0,0.0
Week,Teacher,All,10/30/23,0.38,0.0,0.0,0.0,0.0,0.0,0.0,0.0,0.0,0.0,0.0,0.0,0.0,0.0,0.0,0.0,0.0,0.0,0.0,0.0,0.0,28.03,0.38,0.38
Week,Teacher,All,10/23/23,0.02,0.0,0.0,0.0,0.0,0.0,0.0,0.0,0.0,0.0,0.0,0.0,0.0,0.0,0.0,0.0,0.0,0.0,0.0,0.0,0.0,18.17,0.02,0.02
Week,Teacher,All,10/16/23,0.03,0.0,0.0,0.0,0.0,0.0,0.0,0.0,0.0,0.0,0.0,0.0,0.0,0.0,0.0,0.0,0.0,0.0,0.0,0.0,0.0,28.1,0.03,0.03
Week,Teacher,All,10/09/23,0.0,0.0,0.0,0.0,0.0,0.0,0.0,0.0,0.0,0.0,0.0,0.0,0.0,0.0,0.0,0.0,0.0,0.0,0.0,0.0,0.0,23.48,0.0,0.0
Week,Teacher,All,10/02/23,0.43,0.0,0.0,0.0,0.0,0.0,0.0,0.0,0.0,0.0,0.0,0.0,0.0,0.0,0.0,0.0,0.0,0.0,0.0,0.0,0.0,31.85,0.43,0.43
Week,Teacher,All,09/25/23,0.0,0.0,0.0,0.0,0.0,0.0,0.0,0.0,0.0,0.0,0.0,0.0,0.0,0.0,0.0,0.0,0.0,0.0,0.0,0.0,0.0,20.95,0.0,0.0
Week,Teacher,All,09/18/23,0.0,0.0,0.0,0.0,0.0,0.0,0.0,0.0,0.0,0.0,0.0,0.0,0.0,0.0,0.0,0.0,0.0,0.0,0.0,0.0,0.0,22.13,0.0,0.0
Week,Teacher,All,09/11/23,0.0,0.0,0.0,0.0,0.0,0.0,0.0,0.0,0.0,0.0,0.0,0.0,0.0,0.0,0.0,0.0,0.0,0.0,0.0,0.0,0.0,18.78,0.0,0.0
Week,Teacher,All,09/04/23,0.0,0.0,0.0,0.0,0.0,0.0,0.0,0.0,0.0,0.0,0.0,0.0,0.0,0.0,0.0,0.0,0.0,0.0,0.0,0.0,0.0,27.75,0.0,0.0
Week,Teacher,All,08/28/23,0.03,0.0,0.0,0.0,0.0,0.0,0.0,0.0,0.0,0.0,0.0,0.0,0.0,0.0,0.0,0.0,0.0,0.0,0.0,0.0,0.0,19.83,0.03,0.03
Week,Teacher,All,08/21/23,0.97,0.0,0.0,0.0,0.0,0.0,0.0,0.0,0.0,0.0,0.0,0.0,0.0,0.0,0.0,0.0,0.0,0.0,0.0,0.0,0.0,57.33,0.97,0.97
Week,Teacher,All,08/14/23,0.4,0.0,0.0,0.0,0.0,0.0,0.0,0.0,0.0,0.0,0.0,0.0,0.0,0.0,0.0,0.0,0.0,0.0,0.0,0.0,0.0,31.62,0.4,0.4
Week,Teacher,All,08/07/23,0.88,0.0,0.0,0.0,0.0,0.0,0.0,0.0,0.0,0.0,0.0,0.0,0.0,0.0,0.0,0.0,0.0,0.0,0.0,0.0,0.0,9.72,0.88,0.88
Week,Teacher,All,07/31/23,0.0,0.0,0.0,0.0,0.0,0.0,0.0,0.0,0.0,0.0,0.0,0.0,0.0,0.0,0.0,0.0,0.0,0.0,0.0,0.0,0.0,38.02,0.0,0.0
Week,Teacher,All,07/24/23,0.0,0.0,0.0,0.0,0.0,0.0,0.0,0.0,0.0,0.0,0.0,0.0,0.0,0.0,0.0,0.0,0.0,0.0,0.0,0.0,0.0,25.05,0.0,0.0
Week,Teacher,All,07/17/23,0.0,0.0,0.0,0.0,0.0,0.0,0.0,0.0,0.0,0.0,0.0,0.0,0.0,0.0,0.0,0.0,0.0,0.0,0.0,0.0,0.0,9.93,0.0,0.0
Week,Teacher,All,07/10/23,0.0,0.0,0.0,0.0,0.0,0.0,0.0,0.0,0.0,0.0,0.0,0.0,0.0,0.0,0.0,0.0,0.0,0.0,0.0,0.0,0.0,20.55,0.0,0.0
Week,Teacher,All,07/03/23,0.0,0.0,0.0,0.0,0.0,0.0,0.0,0.0,0.0,0.0,0.0,0.0,0.0,0.0,0.0,0.0,0.0,0.0,0.0,0.0,0.0,14.22,0.0,0.0
Week,Teacher,All,06/26/23,0.0,0.0,0.0,0.0,0.0,0.0,0.0,0.0,0.0,0.0,0.0,0.0,0.0,0.0,0.0,0.0,0.0,0.0,0.0,0.0,0.0,0.0,0.0,0.0
Week,Teacher,All,06/19/23,0.0,0.0,0.0,0.0,0.0,0.0,0.0,0.0,0.0,0.0,0.0,0.0,0.0,0.0,0.0,0.0,0.0,0.0,0.0,0.0,0.0,5.17,0.0,0.0
Week,Teacher,All,06/12/23,0.0,0.0,0.0,0.0,0.0,0.0,0.0,0.0,0.0,0.0,0.0,0.0,0.0,0.0,0.0,0.0,0.0,0.0,0.0,0.0,0.0,0.0,0.0,0.0
Week,Teacher,All,06/05/23,0.0,0.0,0.0,0.0,0.0,0.0,0.0,0.0,0.0,0.0,0.0,0.0,0.0,0.0,0.0,0.0,0.0,0.0,0.0,0.0,0.0,0.0,0.0,0.0
Week,Teacher,All,05/29/23,0.0,0.0,0.0,0.0,0.0,0.0,0.0,0.0,0.0,0.0,0.0,0.0,0.0,0.0,0.0,0.0,0.0,0.0,0.0,0.0,0.0,1.13,0.0,0.0
Week,Teacher,All,05/22/23,0.0,0.0,0.0,0.0,0.0,0.0,0.0,0.0,0.0,0.0,0.0,0.0,0.0,0.0,0.0,0.0,0.0,0.0,0.0,0.0,0.0,21.1,0.0,0.0
Week,Teacher,All,05/15/23,0.0,0.0,0.0,0.0,0.0,0.0,0.0,0.0,0.0,0.0,0.0,0.0,0.0,0.0,0.0,0.0,0.0,0.0,0.0,0.0,0.0,29.33,0.0,0.0
Week,Teacher,All,05/08/23,0.0,0.0,0.0,0.0,0.0,0.0,0.0,0.0,0.0,0.0,0.0,0.0,0.0,0.0,0.0,0.0,0.0,0.0,0.0,0.0,0.0,36.68,0.0,0.0
Week,Teacher,All,05/01/23,1.18,0.0,0.0,0.0,0.0,0.0,0.0,0.0,0.0,0.0,0.0,0.0,0.0,0.0,0.0,0.0,0.0,0.0,0.0,0.0,0.0,4.77,1.18,1.18
Week,Teacher,All,04/24/23,0.0,0.0,0.0,0.0,0.0,0.0,0.0,0.0,0.0,0.0,0.0,0.0,0.0,0.0,0.0,0.0,0.0,0.0,0.0,0.0,0.0,0.0,0.0,0.0
Week,Teacher,All,04/17/23,0.0,0.0,0.0,0.0,0.0,0.0,0.0,0.0,0.0,0.0,0.0,0.0,0.0,0.0,0.0,0.0,0.0,0.0,0.0,0.0,0.0,0.0,0.0,0.0
Week,Teacher,All,04/10/23,0.0,0.0,0.0,0.0,0.0,0.0,0.0,0.0,0.0,0.0,0.0,0.0,0.0,0.0,0.0,0.0,0.0,0.0,0.0,0.0,0.0,0.0,0.0,0.0
Week,Teacher,All,04/03/23,0.0,0.0,0.0,0.0,0.0,0.0,0.0,0.0,0.0,0.0,0.0,0.0,0.0,0.0,0.0,0.0,0.0,0.0,0.0,0.0,0.0,0.0,0.0,0.0
Week,Teacher,All,03/27/23,0.0,0.0,0.0,0.0,0.0,0.0,0.0,0.0,0.0,0.0,0.0,0.0,0.0,0.0,0.0,0.0,0.0,0.0,0.0,0.0,0.0,0.0,0.0,0.0
Week,Teacher,All,03/20/23,0.0,0.0,0.0,0.0,0.0,0.0,0.0,0.0,0.0,0.0,0.0,0.0,0.0,0.0,0.0,0.0,0.0,0.0,0.0,0.0,0.0,0.67,0.0,0.0
Week,Teacher,All,03/13/23,0.02,0.0,0.0,0.0,0.0,0.0,0.0,0.0,0.0,0.0,0.0,0.0,0.0,0.0,0.0,0.0,0.0,0.0,0.0,0.0,0.0,25.45,0.02,0.02
Week,Teacher,All,03/06/23,0.0,0.0,0.0,0.0,0.0,0.0,0.0,0.0,0.0,0.0,0.0,0.0,0.0,0.0,0.0,0.0,0.0,0.0,0.0,0.0,0.0,25.03,0.0,0.0
Week,Teacher,All,02/27/23,0.0,0.0,0.0,0.0,0.0,0.0,0.0,0.0,0.0,0.0,0.0,0.0,0.0,0.0,0.0,0.0,0.0,0.0,0.0,0.0,0.0,20.33,0.0,0.0
Week,Teacher,All,02/20/23,0.0,0.0,0.0,0.0,0.0,0.0,0.0,0.0,0.0,0.0,0.0,0.0,0.0,0.0,0.0,0.0,0.0,0.0,0.0,0.0,0.0,18.98,0.0,0.0
Week,Teacher,All,02/13/23,0.03,0.0,0.0,0.0,0.0,0.0,0.0,0.0,0.0,0.0,0.0,0.0,0.0,0.0,0.0,0.0,0.0,0.0,0.0,0.0,0.0,33.58,0.03,0.03
Week,Teacher,All,02/06/23,0.73,0.0,0.0,0.0,0.0,0.0,0.0,0.0,0.0,0.0,0.0,0.0,0.0,0.0,0.0,0.0,0.0,0.0,0.0,0.0,0.0,26.07,0.73,0.73
Week,Teacher,All,01/30/23,0.0,0.0,0.0,0.0,0.0,0.0,0.0,0.0,0.0,0.0,0.0,0.0,0.0,0.0,0.0,0.0,0.0,0.0,0.0,0.0,0.0,9.62,0.0,0.0
Week,Teacher,All,01/23/23,0.57,0.0,0.0,0.0,0.0,0.0,0.0,0.0,0.0,0.0,0.0,0.0,0.0,0.0,0.0,0.0,0.0,0.0,0.0,0.0,0.0,13.27,0.57,0.57
Week,Teacher,All,01/16/23,0.0,0.0,0.0,0.0,0.0,0.0,0.0,0.0,0.0,0.0,0.0,0.0,0.0,0.0,0.0,0.0,0.0,0.0,0.0,0.0,0.0,2.6,0.0,0.0
Week,Teacher,All,01/09/23,0.0,0.0,0.0,0.0,0.0,0.0,0.0,0.0,0.0,0.0,0.0,0.0,0.0,0.0,0.0,0.0,0.0,0.0,0.0,0.0,0.0,0.0,0.0,0.0
Week,Teacher,All,01/02/23,0.0,0.0,0.0,0.0,0.0,0.0,0.0,0.0,0.0,0.0,0.0,0.0,0.0,0.0,0.0,0.0,0.0,0.0,0.0,0.0,0.0,0.0,0.0,0.0
Week,Teacher,All,12/26/22,0.0,0.0,0.0,0.0,0.0,0.0,0.0,0.0,0.0,0.0,0.0,0.0,0.0,0.0,0.0,0.0,0.0,0.0,0.0,0.0,0.0,0.0,0.0,0.0
Week,Teacher,All,12/19/22,0.0,0.0,0.0,0.0,0.0,0.0,0.0,0.0,0.0,0.0,0.0,0.0,0.0,0.0,0.0,0.0,0.0,0.0,0.0,0.0,0.0,0.0,0.0,0.0
Week,Teacher,All,12/12/22,0.0,0.0,0.0,0.0,0.0,0.0,0.0,0.0,0.0,0.0,0.0,0.0,0.0,0.0,0.0,0.0,0.0,0.0,0.0,0.0,0.0,0.0,0.0,0.0
Week,Teacher,All,12/05/22,0.0,0.0,0.0,0.0,0.0,0.0,0.0,0.0,0.0,0.0,0.0,0.0,0.0,0.0,0.0,0.0,0.0,0.0,0.0,0.0,0.0,0.0,0.0,0.0
Week,Teacher,All,11/28/22,0.0,0.0,0.0,0.0,0.0,0.0,0.0,0.0,0.0,0.0,0.0,0.0,0.0,0.0,0.0,0.0,0.0,0.0,0.0,0.0,0.0,0.52,0.0,0.0
Week,Teacher,All,11/21/22,0.0,0.0,0.0,0.0,0.0,0.0,0.0,0.0,0.0,0.0,0.0,0.0,0.0,0.0,0.0,0.0,0.0,0.0,0.0,0.0,0.0,4.43,0.0,0.0
Week,Teacher,All,11/14/22,5.15,0.0,0.0,0.0,0.0,0.0,0.0,0.0,0.0,0.0,0.0,0.0,0.0,0.0,0.0,0.0,0.0,0.0,0.0,0.0,0.0,16.9,5.15,5.15
Week,Teacher,All,11/07/22,0.0,0.0,0.0,0.0,0.0,0.0,0.0,0.0,0.0,0.0,0.0,0.0,0.0,0.0,0.0,0.0,0.0,0.0,0.0,0.0,0.0,7.15,0.0,0.0
Week,Teacher,All,10/31/22,0.0,0.0,0.0,0.0,0.0,0.0,0.0,0.0,0.0,0.0,0.0,0.0,0.0,0.0,0.0,0.0,0.0,0.0,0.0,0.0,0.0,3.8,0.0,0.0
Week,Teacher,All,10/24/22,0.0,0.0,0.0,0.0,0.0,0.0,0.0,0.0,0.0,0.0,0.0,0.0,0.0,0.0,0.0,0.0,0.0,0.0,0.0,0.0,0.0,7.0,0.0,0.0
Week,Teacher,All,10/17/22,0.0,0.0,0.0,0.0,0.0,0.0,0.0,0.0,0.0,0.0,0.0,0.0,0.0,0.0,0.0,0.0,0.0,0.0,0.0,0.0,0.0,16.1,0.0,0.0
Week,Teacher,All,10/10/22,0.0,0.0,0.0,0.0,0.0,0.0,0.0,0.0,0.0,0.0,0.0,0.0,0.0,0.0,0.0,0.0,0.0,0.0,0.0,0.0,0.0,14.3,0.0,0.0
Week,Teacher,All,10/03/22,0.0,0.0,0.0,0.0,0.0,0.0,0.0,0.0,0.0,0.0,0.0,0.0,0.0,0.0,0.0,0.0,0.0,0.0,0.0,0.0,0.0,0.0,0.0,0.0
Week,Teacher,All,09/26/22,0.03,0.0,0.0,0.0,0.0,0.0,0.0,0.0,0.0,0.0,0.0,0.0,0.0,0.0,0.0,0.0,0.0,0.0,0.0,0.0,0.0,1.68,0.03,0.03
Week,Teacher,All,09/20/22,0.0,0.0,0.0,0.0,0.0,0.0,0.0,0.0,0.0,0.0,0.0,0.0,0.0,0.0,0.0,0.0,0.0,0.0,0.0,0.0,0.0,0.02,0.0,0.0
